"Node.ID","Species.ID","Species.Stage.ID","stage_ID","Exp.Aggregated.Node.ID","Exp.Aggregated.name","Hist.Aggregated.Node.ID","Hist.Aggregated.name","stage","Accepted.species.name","Phylum","Class","Order","Genus","species","Node.Resolution","functional.group","metabolic_type","movement_type","transience","captured.by.historical.surveys","captured.by.Allen.Island.surveys","synonyms","Locality","Reference","life.history","AphiaID","Notes","Justification","common.name","Working.group","Organismal.group","Abundant.or.important","confirmed.on.Allen.Island","keep.remove","Exctinction.allowed","Detection.in.historical.surveys","Detection.in.experiment","TL","OI"
1,"1","1.1","1","1","Mytilus edulis","1","Mytilus edulis","adult","Mytilus edulis","Mollusca","Bivalvia","Mytilida","Mytilus","edulis","species","filter feeder","heterotroph","sessile","resident","yes","yes","Mytilus abbreviatus Lamarck, 1819; Mytilus angulatus Williamson, 1834 (synonym); Mytilus borealis Lamarck, 1819; Mytilus edulis edulis Linnaeus, 1758; Mytilus edulis pusillus MacGillivray, 1843; Mytilus elegans T. Brown, 1827; Mytilus grunerianus Dunker, 1853
Mytilus minganensis Mighels, 1844; Mytilus notatus DeKay, 1843; Mytilus pellucidus Pennant, 1777; Mytilus petasunculinus Locard, 1886 (synonym); Mytilus retusus Lamarck, 1819; Mytilus retusus var. acrocyrta Locard, 1889 (synonym); Mytilus solitarius Williamson, 1834 (synonym); Mytilus spathulinus Locard, 1889 (synonym); Mytilus subsaxatilis Williamson, 1834; Mytilus trigonus Locard, 1889 (synonym); Mytilus ungulatus Linnaeus, 1758; Mytilus variabilis Fischer von Waldheim, 1807 (declared nomen oblitum by Cosel et al. (2014)); Mytilus vulgaris da Costa, 1778; Perna ungulina Philipsson, 1788","Gulf of Maine, USA","present study; Sorte, Cascade J. B., Victoria E. Davidson, Marcus C. Franklin, Kylla M. Benes, Meredith M. Doellman, Ron J. Etter, Robyn E. Hannigan, Jane Lubchenco, and Bruce A. Menge. “Long-Term Declines in an Intertidal Foundation Species Parallel Shifts in Community Composition.” Global Change Biology 23, no. 1 (2017): 341–52. https://doi.org/10.1111/gcb.13425.","free.living","NA","","direct observation; in literature","blue mussel","bivalves","Bivalvia","x","x","NA","Y","y","y",2.20000000000001,0.160000000000001
2,"2","2.1","1","2","Semibalanus balanoides","2","Semibalanus balanoides","adult","Semibalanus balanoides","Arthropoda","Thecostraca","Balanomorpha","Semibalanus","balanoides","species","filter feeder","heterotroph","sessile","resident","yes","yes","Balanus balanoides (Linnaeus, 1767) (Synonym); Lepas balanoides Linnaeus, 1767","Gulf of Maine, USA","present study; Sorte, Cascade J. B., Victoria E. Davidson, Marcus C. Franklin, Kylla M. Benes, Meredith M. Doellman, Ron J. Etter, Robyn E. Hannigan, Jane Lubchenco, and Bruce A. Menge. “Long-Term Declines in an Intertidal Foundation Species Parallel Shifts in Community Composition.” Global Change Biology 23, no. 1 (2017): 341–52. https://doi.org/10.1111/gcb.13425.","free.living","NA","","direct observation; in literature","acorn barnacle","Barnacle","Cirripedia","x","x","NA","Y","y","y",2.16666666666667,0.13888888888889
3,"3","3.1","1","3","Modiolus modiolus","3","Modiolus modiolus","adult","Modiolus modiolus","Mollusca","Bivalvia","Mytilida","Modiolus","modiolus","species","filter feeder","heterotroph","sessile","resident","yes","yes","Modiola gallica Dautzenberg, 1895; Modiola gigantea Clessin, 1889; Modiola grandis Philippi, 1844; Modiola modiolus (Linnaeus, 1758); Modiola modiolus var. minor Cailliaud, 1865; Modiola papuana Lamarck, 1801; Modiola vulgaris J. Fleming, 1828; Modiolus gallicus (Dautzenberg, 1895); Musculus modulus Röding, 1798; Mytilus curtus Pennant, 1777; Mytilus curvirostratus da Costa, 1778 (synonym); Mytilus curvirostrus da Costa, 1778; Mytilus modiolus Linnaeus, 1758; Mytilus modiolus var. cylindrica J. T. Marshall, 1893
Mytilus modiolus var. gigas J. T. Marshall, 1893; Mytilus modiolus var. ovata Jeffreys, 1864; Mytilus umbilicatus Pennant, 1777","Gulf of Maine, USA","present study; Sorte, Cascade J. B., Victoria E. Davidson, Marcus C. Franklin, Kylla M. Benes, Meredith M. Doellman, Ron J. Etter, Robyn E. Hannigan, Jane Lubchenco, and Bruce A. Menge. “Long-Term Declines in an Intertidal Foundation Species Parallel Shifts in Community Composition.” Global Change Biology 23, no. 1 (2017): 341–52. https://doi.org/10.1111/gcb.13425.; Doggett, L. F., Larsen, P. F., & Sykes, S. C. (1978). Intertidal bedrock areas of high species diversity in Maine, and their relevance to the Critical Areas Program. Maine State Planning Office, Natural Resource Planning Division, Critical Areas Program.","free.living","NA","","direct observation; in literature","horse mussel","bivalves","Bivalvia","x","x","NA","Y","y","y",2.16666666666667,0.13888888888889
6,"6","6.1","1","6","Crepidula fornicata","6","Crepidula fornicata","adult","Crepidula fornicata","Mollusca","Gastropoda","Littorinimorpha","Crepidula","fornicata","species","filter feeder","heterotroph","mobile","resident","yes","yes","Crepidula densata Conrad, 1843 (synonym); Crepidula virginica Conrad, 1870; Crypta nautarum Mörch, 1877; Patella fornicata Linnaeus, 1758","Gulf of Maine, USA","present study; Sorte, Cascade J. B., Victoria E. Davidson, Marcus C. Franklin, Kylla M. Benes, Meredith M. Doellman, Ron J. Etter, Robyn E. Hannigan, Jane Lubchenco, and Bruce A. Menge. “Long-Term Declines in an Intertidal Foundation Species Parallel Shifts in Community Composition.” Global Change Biology 23, no. 1 (2017): 341–52. https://doi.org/10.1111/gcb.13425.","free.living","NA","Synonyms included in review search terms","direct observation; in literature","slipper limpet","snails","Gastropoda","","x","NA","Y","y","y",2.46666666666666,0.337777777777778
7,"7","7.1","1","7","Littorina saxatilis","7","Littorina saxatilis","adult","Littorina saxatilis","Mollusca","Gastropoda","Littorinimorpha","Littorina","saxatilis","species","herbivore","heterotroph","mobile","resident","yes","yes","Litorina groenlandica Menke, 1830; Litorina incarnata Philippi, 1846; Litorina marmorata L. Pfeiffer, 1839; Litorina sulcata Menke, 1830; Litorina tenebrosa (Montagu, 1803); Litorina tenebrosa var. intermedia Forbes & Hanley, 1850 (synonym); Littorina (Littorina) saxatilis (Olivi, 1792); Littorina castanea Deshayes in Deshayes & Milne Edwards, 1843; Littorina danieli Locard, 1886; Littorina groenlandica (Menke, 1830); Littorina marmorata Pfeiffer, 1839 (synonym); Littorina neglecta Bean, 1844 (synonym); Littorina nervillei Dautzenberg, 1893; Littorina nervillei var. major Pallary in Seurat, 1924; Littorina nigrolineata Gray, 1839; Littorina palliata var. turritella Schlesch, 1916; Littorina patula Thorpe, 1844 (dubious synonym); Littorina rudis (Maton, 1797) (synonym); Littorina rudis f. elatior Middendorff, 1849; Littorina rudis var. albida Dautzenberg, 1887; Littorina rudis var. alticola Dacie, 1917; Littorina rudis var. aurantia Dautzenberg, 1887; Littorina rudis var. brevis Dautzenberg, 1887; Littorina rudis var. conoidea Schlesch, 1916; Littorina rudis var. fasciata Dautzenberg, 1887; Littorina rudis var. finmarchia Herzenstein, 1885; Littorina rudis var. globosa Jeffreys, 1865; Littorina rudis var. globosa Martel, 1901; Littorina rudis var. laevis Jeffreys, 1865; Littorina rudis var. major Dautzenberg & P. Fisher, 1912; Littorina rudis var. rubescens Monterosato, 1878; Littorina rudis var. scotia S. M. Smith, 1979; Littorina rudis var. similis Jeffreys, 1865; Littorina rudis var. sulcata Martel, 1901; Littorina rudis var. tenebrosapallida L. E. Adams, 1896; Littorina rudis var. tessellata Dautzenberg, 1893; Littorina saxatile La Roque, 1953; Littorina saxatile saxatile La Roque, 1953; Littorina saxatilis G. Johnston, 1842; Littorina saxatilis f. abbreviata Dautzenberg & P. Fisher, 1912; Littorina saxatilis f. conoidea Dautzenberg & P. Fisher, 1912; Littorina saxatilis f. elongata Dautzenberg & P. Fisher, 1912; Littorina saxatilis f. minor Dautzenberg & P. Fisher, 1912; Littorina saxatilis groenlandica (Menke, 1830); Littorina saxatilis groenlandica var. sculpta Schlesch, 1931; Littorina saxatilis jugosa Montagu, 1803; Littorina saxatilis jugosa var. bynei Dautzenberg & P. Fisher, 1912; Littorina saxatilis jugosa var. tenuis James, 1968; Littorina saxatilis nigrolineata Gray, 1839; Littorina saxatilis rudis (Maton, 1797); Littorina saxatilis rudis var. rudissimoides James, 1968; Littorina saxatilis scotia Graham, 1988; Littorina saxatilis tenebrosa (Montagu, 1803); Littorina saxatilis tenebrosa var. biinterrupta Fischer-Piette & Gaillard, 1963; Littorina saxatilis tenebrosa var. bizonaria James, 1963; Littorina saxatilis tenebrosa var. elata Dautzenberg & P. Fisher, 1912; Littorina saxatilis tenebrosa var. maculata Fischer-Piette & Gaillard, 1963; Littorina saxatilis var. bynei Dautzenberg & Fischer H., 1912 (synonym); Littorina saxatilis var. clarilineata Fischer-Piette & Gaillard, 1971; Littorina saxatilis var. elata Dautzenberg & Fischer H., 1912 (synonym); Littorina saxatilis var. flammulata Dautzenberg & P. Fisher, 1912; Littorina saxatilis var. fulva Dautzenberg & P. Fisher, 1912; Littorina saxatilis var. fusca Dautzenberg & P. Fisher, 1912; Littorina saxatilis var. gascae Fischer-Piette & Gaillard, 1971; Littorina saxatilis var. groenlandica (Menke, 1830); Littorina saxatilis var. hieroglyphica Fischer-Piette, Gaillard & Jouin, 1961; Littorina saxatilis var. intermedia Forbes & Hanley, 1850 (synonym); Littorina saxatilis var. interrupta Fischer-Piette, Gaillard & Jouin, 1961; Littorina saxatilis var. laevis Jeffreys, 1865 (synonym); Littorina saxatilis var. lagunae Barnes, 1993; Littorina saxatilis var. lineata Dautzenberg & P. Fisher, 1912; Littorina saxatilis var. lugubris Dautzenberg & P. Fisher, 1912; Littorina saxatilis var. lutea Dautzenberg & Durouchoux, 1900 (synonym); Littorina saxatilis var. matoni Dautzenberg & Fischer H., 1912 (synonym); Littorina saxatilis var. nigra Fischer-Piette & Gaillard, 1971; Littorina saxatilis var. nojensis Fischer-Piette & Gaillard, 1964; Littorina saxatilis var. rubra Fischer-Piette & Gaillard, 1971; Littorina saxatilis var. rubrolineata Fischer-Piette, Gaillard & Delmas, 1967; Littorina saxatilis var. rudis (Maton, 1797); Littorina saxatilis var. salvati Fischer-Piette, Gaillard & Delmas, 1967; Littorina saxatilis var. sanguinea Coen, 1933; Littorina saxatilis var. sanguinea Dautzenberg & Durouchoux, 1900 (synonym); Littorina saxatilis var. sellensis Fischer-Piette & Gaillard, 1964; Littorina saxatilis var. similis Jeffreys, 1865 (synonym); Littorina saxatilis var. tessellata Dautzenberg, 1893 (synonym); Littorina saxatilis var. tractibus Fischer-Piette, Gaillard & Jouin, 1961; Littorina saxatilis var. trifasciata Dautzenberg & P. Fisher, 1912; Littorina saxatilis zonata Daniel, 1883; Littorina saxoides Nardo, 1847; Littorina simplex Reeve, 1857; Littorina tenebrosa (Montagu, 1803); Littorina tenebrosa f. elatior Middendorff, 1849; Littorina tenebrosa var. costulata Middendorff, 1849; Littorina tenebrosa var. densecostulata Middendorff, 1849; Littorina tenebrosa var. grisolacteus Middendorff, 1849; Littorina tenebrosa var. intermedia Forbes & Hanley, 1850; Littorina tenebrosa var. rubidus Middendorff, 1849; Littorina tenebrosa var. tessellatus Middendorff, 1849; Littorina tenebrosa var. zonatus Middendorff, 1849; Littorina zonaria Bean, 1844; Nerita rustica Nardo, 1847; Turbo albocinctus Link, 1807 (synonym); Turbo davidis Röding, 1798 (synonym); Turbo diminutus Link, 1807 (synonym); Turbo groenlandicus Röding, 1798 (synonym); Turbo jugosus Montagu, 1803 (synonym); Turbo obligatus Say, 1822; Turbo rudis Maton, 1797; Turbo rudissimus G. Johnston, 1842; Turbo saxatilis Olivi, 1792; Turbo tenebrosus Montagu, 1803 (synonym); Turbo vestitus Say, 1822 (synonym)","Gulf of Maine, USA","present study; Sorte, Cascade J. B., Victoria E. Davidson, Marcus C. Franklin, Kylla M. Benes, Meredith M. Doellman, Ron J. Etter, Robyn E. Hannigan, Jane Lubchenco, and Bruce A. Menge. “Long-Term Declines in an Intertidal Foundation Species Parallel Shifts in Community Composition.” Global Change Biology 23, no. 1 (2017): 341–52. https://doi.org/10.1111/gcb.13425.","free.living","NA","original name Turbo saxatilis Olivi, 1792; most synonyms are subspecies","direct observation; in literature","periwinkle","snails","Gastropoda","x","x","NA","Y","y","y",2,3.29448035542925e-29
8,"8","8.1","1","8","Littorina littorea","8","Littorina littorea","adult","Littorina littorea","Mollusca","Gastropoda","Littorinimorpha","Littorina","littorea","species","herbivore","heterotroph","mobile","resident","yes","yes","Cerion botrys Röding, 1798 (junior synonym); Littorina armoricana Locard, 1886; Littorina bartonensis T. Brown, 1843; Littorina communis T. Brown, 1843; Littorina litorea [sic] (misspelling of Littorina littorea (Linnaeus, 1758)); Littorina parva Teilman-Friis, 1898; Littorina rudis var. aurantia Dautzenberg & P. Fischer, 1925; Littorina rudis var. reevei Harmer, 1921; Littorina sphaeroidalis Locard, 1886; Littorina vulgaris J. Sowerby, 1832; Turbo bicarinatus Woodward, 1833; Turbo carinatus Woodward, 1833; Turbo elongatus Woodward, 1833; Turbo litoreus [sic] (misspelling); Turbo littoreus Linnaeus, 1758 (original combination); Turbo sulcatus Woodward, 1833; Turbo ustulatus Lamarck, 1822; Turbo ventricosus Woodward, 1833","Gulf of Maine, USA","present study; Sorte, Cascade J. B., Victoria E. Davidson, Marcus C. Franklin, Kylla M. Benes, Meredith M. Doellman, Ron J. Etter, Robyn E. Hannigan, Jane Lubchenco, and Bruce A. Menge. “Long-Term Declines in an Intertidal Foundation Species Parallel Shifts in Community Composition.” Global Change Biology 23, no. 1 (2017): 341–52. https://doi.org/10.1111/gcb.13425.","free.living","NA","Original name Turbo littoreus Linnaeus, 1758","direct observation; in literature","common periwinkle","snails","Gastropoda","x","x","NA","Y","y","y",2,5.06886634963244e-30
9,"9","9.1","1","9","Littorina obtusata","9","Littorina obtusata","adult","Littorina obtusata","Mollusca","Gastropoda","Littorinimorpha","Littorina","obtusata","species","herbivore","heterotroph","mobile","resident","yes","yes","Litorina arctica Møller, 1842; Litorina ioides Menke, 1845; Litorina obtusata (Linnaeus, 1758); Littorelaea pultneyii Leach in Gray, 1847; Littorina aestuarii Jeffreys, 1865; Littorina arctica (Møller, 1842); Littorina arctica var. angulata M. Sars, 1851; Littorina arctica var. elatior Sars M., 1851 (synonym); Littorina arctica var. eliator M. Sars, 1851; Littorina groenlandica var. laevior Mörch, 1857; Littorina palliata (Say, 1821); Littorina peconica S. Smith, 1860 (synonym); Littorina preconica S. Smith, 1860; Littorina tenebrosa f. elatiorcrassa Middendorff, 1849; Littorina tenebrosa var. obtusataea Middendorff, 1849; Nerita litoralis W. Turton, 1819; Nerita littoralis Linnaeus, 1758 (synonym); Turbo neritiformis T. Brown, 1827; Turbo obtusatus Linnaeus, 1758 (original combination); Turbo palliatus Say, 1822; Turbo retusus Lamarck, 1822","Gulf of Maine, USA","present study; Sorte, Cascade J. B., Victoria E. Davidson, Marcus C. Franklin, Kylla M. Benes, Meredith M. Doellman, Ron J. Etter, Robyn E. Hannigan, Jane Lubchenco, and Bruce A. Menge. “Long-Term Declines in an Intertidal Foundation Species Parallel Shifts in Community Composition.” Global Change Biology 23, no. 1 (2017): 341–52. https://doi.org/10.1111/gcb.13425.","free.living","NA","","direct observation; in literature","smooth periwinkle","snails","Gastropoda","x","x","NA","Y","y","y",2,3.37746482487301e-29
11,"11","11.1","1","11","Lacuna vincta","11","Lacuna vincta","adult","Lacuna vincta","Mollusca","Gastropoda","Littorinimorpha","Lacuna","vincta","species","herbivore","heterotroph","mobile","resident","yes","yes","Epheria vincta (Montagu, 1803); Lacuna albella Lovén, 1846 (synonym); Lacuna arctica Philippi, 1853 (synonym); Lacuna carinata Gould, 1848; Lacuna frigida Lovén, 1846 (synonym); Lacuna gracilior Metcalfe in Thorpe, 1844 (synonym); Lacuna labiosa Lovén, 1846 (synonym); Lacuna pertusa Conrad, 1831 (synonym); Lacuna solidula Lovén, 1846 (synonym); Lacuna vincta var. fusca Gould, 1841 (synonym); Phasianella bifasciata T. Brown, 1827 (synonym); Phasianella cornea T. Brown, 1827 (synonym); Phasianella striata T. Brown, 1827 (synonym); Trochus divaricatus Fabricius, 1780 (synonym); Turbo canalis Montagu, 1803 (synonym); Turbo quadrifasciatus Montagu, 1803 (synonym); Turbo vinctus Montagu, 1803","Gulf of Maine, USA","present study; Sorte, Cascade J. B., Victoria E. Davidson, Marcus C. Franklin, Kylla M. Benes, Meredith M. Doellman, Ron J. Etter, Robyn E. Hannigan, Jane Lubchenco, and Bruce A. Menge. “Long-Term Declines in an Intertidal Foundation Species Parallel Shifts in Community Composition.” Global Change Biology 23, no. 1 (2017): 341–52. https://doi.org/10.1111/gcb.13425.","free.living","NA","Half of synonyms inlcuded in search 1, remaining (starting after Lacuna pertusa in the next columns)","direct observation; in literature","northern lacuna","snails","Gastropoda","","x","NA","Y","y","y",2,1.59847049570956e-29
13,"13","13.1","1","13","Testudinalia testudinalis","13","Testudinalia testudinalis","adult","Testudinalia testudinalis","Mollusca","Gastropoda","Lottioidea","Testudinalia","testudinalis","species","herbivore","heterotroph","mobile","resident","yes","yes","Acmaea fergusoni Wheat, 1913 (synonym); Acmaea tessulata (O. F. Müller, 1776); Acmaea testudinalis (O. F. Müller, 1776); Collisella tessulata (O. F. Müller, 1776); Lottia testudinalis (O. F. Müller, 1776); Notoacmea testudinalis (O. F. Müller, 1776); Patella amoena Say, 1822 (synonym); Patella clealandi J. Fleming, 1828 (synonym); Patella clypea T. Brown, 1827 (synonym); Patella tessulata O. F. Müller, 1776; Patella testudinalis O. F. Müller, 1776 (original combination); Tectura tessulata (O. F. Müller, 1776); Tectura testudinalis (O. F. Müller, 1776); Testudinalia tessellata (O.F. Müller, 1776) (misspelling); Testudinalia tessulata (O. F. Müller, 1776)","Gulf of Maine, USA","present study; Sorte, Cascade J. B., Victoria E. Davidson, Marcus C. Franklin, Kylla M. Benes, Meredith M. Doellman, Ron J. Etter, Robyn E. Hannigan, Jane Lubchenco, and Bruce A. Menge. “Long-Term Declines in an Intertidal Foundation Species Parallel Shifts in Community Composition.” Global Change Biology 23, no. 1 (2017): 341–52. https://doi.org/10.1111/gcb.13425.","free.living","NA","Tectura testudinalis most commonly used name in literature; synonyms split up, four searches needed.  Last three searches are listed in synonym search, separated by semicolon","direct observation; in literature","tortoise shell limpet","snails","Gastropoda","","x","NA","Y","y","y",2,4.26108148335787e-30
14,"14","14.1","1","14","Nucella lapillus","14","Nucella lapillus","adult","Nucella lapillus","Mollusca","Gastropoda","Neogastropoda","Nucella","lapillus","species","predator","heterotroph","mobile","resident","yes","yes","Buccinum filosum Gmelin, 1791 (synonym); Buccinum lapillus Linnaeus, 1758 (original combination); Nassa ligata Röding, 1798 (synonym); Nassa rudis Roding, 1798 (synonym); Nucella lapillus var. major Jeffreys, 1867 (synonym); Nucella lapillus var. minor Jeffreys, 1867 (synonym); Nucella theobroma Roding, 1798 (synonym); Purpura bizonalis Lamarck, 1822 (synonym); Purpura buccinoidea Blainville, 1829 (synonym); Purpura celtica Locard, 1886 (synonym); Purpura imbricata Lamarck, 1822 (synonym); Purpura lapillina Locard, 1886 (synonym); Purpura lapillus (Linnaeus, 1758); Purpura lapillus var. anomala Middendorff, 1849 (synonym); Purpura lapillus var. aurantia Dautzenberg, 1887 (synonym); Purpura lapillus var. bizonalis Lamarck, 1822 (synonym); Purpura lapillus var. caerulescens Dautzenberg, 1920 (synonym); Purpura lapillus var. castanea Dautzenberg, 1887 (synonym); Purpura lapillus var. celtica Locard, 1886 (synonym); Purpura lapillus var. citrina Dautzenberg, 1920 (synonym); Purpura lapillus var. crassissima Dautzenberg, 1887 (synonym); Purpura lapillus var. fauce-violaceo Dautzenberg, 1887 (synonym); Purpura lapillus var. fusco-apicata Dautzenberg & Fischer, 1925 (synonym); Purpura lapillus var. lactea Dautzenberg, 1887 (synonym); Purpura lapillus var. major Jeffreys, 1867 (synonym); Purpura lapillus var. minor Jeffreys, 1867 (synonym); Purpura lapillus var. mixta Dautzenberg, 1920 (synonym); Purpura lapillus var. monozonalis Dautzenberg, 1920 (synonym); Purpura lapillus var. ponderosa Verkrüzen, 1881 (synonym); Purpura lineolata Dautzenberg, 1887 (synonyms); Thais lapillus (Linnaeus, 1758) (synonym)","Gulf of Maine, USA","present study; Sorte, Cascade J. B., Victoria E. Davidson, Marcus C. Franklin, Kylla M. Benes, Meredith M. Doellman, Ron J. Etter, Robyn E. Hannigan, Jane Lubchenco, and Bruce A. Menge. “Long-Term Declines in an Intertidal Foundation Species Parallel Shifts in Community Composition.” Global Change Biology 23, no. 1 (2017): 341–52. https://doi.org/10.1111/gcb.13425.","free.living","NA","","direct observation; in literature","dogwhelk","snails","Gastropoda","x","x","NA","Y","y","y",3.11111111111112,0.0224691358024691
20,"20","20.1","1","20","Tautogolabrus adspersus","20","Tautogolabrus adspersus","adult","Tautogolabrus adspersus","Chordata","Actinopteri","Eupercaria incertae sedis","Tautogolabrus","adspersus","species","predator","heterotroph","mobile","transient","no","no","Ctenolabrus adspersus (Walbaum, 1792); Ctenolabrus brandaonis Steindachner, 1867; Labrus adspersus Walbaum, 1792; Tautogolabrus brandaonis (Steindachner, 1867)","Gulf of Maine, USA","Sorte, Cascade J. B., Victoria E. Davidson, Marcus C. Franklin, Kylla M. Benes, Meredith M. Doellman, Ron J. Etter, Robyn E. Hannigan, Jane Lubchenco, and Bruce A. Menge. “Long-Term Declines in an Intertidal Foundation Species Parallel Shifts in Community Composition.” Global Change Biology 23, no. 1 (2017): 341–52. https://doi.org/10.1111/gcb.13425.","free.living","NA","rare, fish","in literature","Cunner wrasse","fishes","Teleostei","","","NA","Y","n","n",3.13733974358975,0.052692615877712
21,"21","21.1","1","21","Larus marinus","21","Larus marinus","adult","Larus marinus","Chordata","Aves","Charadriiformes","Larus","marinus","species","predator","heterotroph","mobile","transient","no","no","Larus naevius Gmel., 1887","Gulf of Maine, USA","present study; Sorte, Cascade J. B., Victoria E. Davidson, Marcus C. Franklin, Kylla M. Benes, Meredith M. Doellman, Ron J. Etter, Robyn E. Hannigan, Jane Lubchenco, and Bruce A. Menge. “Long-Term Declines in an Intertidal Foundation Species Parallel Shifts in Community Composition.” Global Change Biology 23, no. 1 (2017): 341–52. https://doi.org/10.1111/gcb.13425.","free.living","NA","","direct observation; in literature","Great black-backed gull","birds","Aves","x","x","NA","Y","n","n",3.72899060724667,0.6775410993561
22,"22","22.1","1","22","Larus argentatus","22","Larus argentatus","adult","Larus argentatus","Chordata","Aves","Charadriiformes","Larus","argentatus","species","predator","heterotroph","mobile","transient","no","no","none","Gulf of Maine, USA","present study; Sorte, Cascade J. B., Victoria E. Davidson, Marcus C. Franklin, Kylla M. Benes, Meredith M. Doellman, Ron J. Etter, Robyn E. Hannigan, Jane Lubchenco, and Bruce A. Menge. “Long-Term Declines in an Intertidal Foundation Species Parallel Shifts in Community Composition.” Global Change Biology 23, no. 1 (2017): 341–52. https://doi.org/10.1111/gcb.13425.","free.living","NA","","direct observation; in literature","Herring gull","birds","Aves","x","x","NA","Y","n","n",3.30043803418804,0.580718478796844
25,"25","25.1","1","25","Elachista fucicola","25","Elachista fucicola","adult","Elachista fucicola","Ochrophyta","Phaeophyceae","Ectocarpales","Elachista","fucicola","species","seaweed","autotroph","sessile","resident","yes","yes","Thuiaria","Gulf of Maine, USA","present study; Sorte, Cascade J. B., Victoria E. Davidson, Marcus C. Franklin, Kylla M. Benes, Meredith M. Doellman, Ron J. Etter, Robyn E. Hannigan, Jane Lubchenco, and Bruce A. Menge. “Long-Term Declines in an Intertidal Foundation Species Parallel Shifts in Community Composition.” Global Change Biology 23, no. 1 (2017): 341–52. https://doi.org/10.1111/gcb.13425.","free.living","NA","very few results, added a genus-only search term to the synonyms--half of synonyms in first search, others in the synonyms columns; no new papers added to database (even outside study area) but looks like there's one existing in there already. ","direct observation; in literature","epiphyte on Ascophyllum","brown algae","Macroalgae","","x","NA","Y","y","y",1,0
27,"27","27.1","1","27","Dumontia contorta","27","Dumontia contorta","adult","Dumontia contorta","Rhodophyta","Florideophyceae","Gigartinales","Dumontia","contorta","species","seaweed","autotroph","sessile","resident","yes","yes","Conferva filiformis; Dumontia filiformis; Dumontia filiformis f. crispata; Dumontia filiformis var. crispata; Dumontia incrassata; Dumontia incrassata var. crispata; Fucus contortus; //Gastridium filiforme; Gastridium filiforme var. flavum; Gastridium filiforme var. incrassatum; Gastridium filiforme var. intestiniformis; Gastridium filiforme var. rugosum; Gastridium filiforme var. spongiforme; Halymenia filiformis; Halymenia filiformis var. incrassata; Halymenia purpurascens var. crispata; Solenia filiformis; Ulva compressa var. purpurea; Ulva contorta; Ulva filiformis; Ulva incrassata; Ulva spongiformis","Gulf of Maine, USA","Sorte, Cascade J. B., Victoria E. Davidson, Marcus C. Franklin, Kylla M. Benes, Meredith M. Doellman, Ron J. Etter, Robyn E. Hannigan, Jane Lubchenco, and Bruce A. Menge. “Long-Term Declines in an Intertidal Foundation Species Parallel Shifts in Community Composition.” Global Change Biology 23, no. 1 (2017): 341–52. https://doi.org/10.1111/gcb.13425.","free.living","NA","we may have seen this in pools as an unknown; ""On rock and pebbles, shallow open pools, upper intertidal to shallow subtidal, common, widely distributed.""","in literature","dumonts tubular weed","red algae","Macroalgae","","","NA","Y","y","y",0.999999999999999,0
29,"29","29.1","1","29","Fucus vesiculosus","29","Fucus vesiculosus","adult","Fucus vesiculosus","Ochrophyta","Phaeophyceae","Fucales","Fucus","vesiculosus","species","seaweed","autotroph","sessile","resident","yes","yes","Fucus axillaris f. balticus; Fucus axillaris var. subecostatus; Fucus balticus; Fucus divaricatus; Fucus excisus; Fucus inflatus; Fucus vesiculosus f. abbreviatus; Fucus vesiculosus f. acutus; Fucus vesiculosus f. angustifolius; Fucus vesiculosus f. angustifrons; Fucus vesiculosus f. angustifrons; Fucus vesiculosus f. balticus; Fucus vesiculosus f. balticus; Fucus vesiculosus f. crispus; Fucus vesiculosus f. elongatus; Fucus vesiculosus f. filiformis; Fucus vesiculosus f. flabellatus; Fucus vesiculosus f. fluviatilis; Fucus vesiculosus f. lanceolatus; Fucus vesiculosus f. latus; Fucus vesiculosus f. limicola; Fucus vesiculosus f. nanus; Fucus vesiculosus f. plicatus; Fucus vesiculosus f. pseudoceranoides; Fucus vesiculosus f. racemosus; Fucus vesiculosus f. robustus; Fucus vesiculosus f. sphaerocarpus; Fucus vesiculosus f. subecostatus; Fucus vesiculosus f. subfusiformis; Fucus vesiculosus f. subglobosus; Fucus vesiculosus f. tenuis; Fucus vesiculosus f. terminalis; Fucus vesiculosus f. turgidus; Fucus vesiculosus f. turgidus; Fucus vesiculosus f. vadorum; Fucus vesiculosus subsp. pseudoceranoides; Fucus vesiculosus var. aestuarii; Fucus vesiculosus var. alternans; Fucus vesiculosus var. angustifolius; Fucus vesiculosus var. balticus; Fucus vesiculosus var. ceratiformis; Fucus vesiculosus var. chondriformis; Fucus vesiculosus var. divaricatus; Fucus vesiculosus var. filiformis; Fucus vesiculosus var. grandifrons; Fucus vesiculosus var. laterifructus; Fucus vesiculosus var. nanus; Fucus vesiculosus var. rigidus; Fucus vesiculosus var. rotundatus; Fucus vesiculosus var. sphaerocarpus; Fucus vesiculosus var. spiralis; Fucus vesiculosus var. subecostatus; Halidrys vesiculosus; Virsodes vesiculosum","Gulf of Maine, USA","present study; Sorte, Cascade J. B., Victoria E. Davidson, Marcus C. Franklin, Kylla M. Benes, Meredith M. Doellman, Ron J. Etter, Robyn E. Hannigan, Jane Lubchenco, and Bruce A. Menge. “Long-Term Declines in an Intertidal Foundation Species Parallel Shifts in Community Composition.” Global Change Biology 23, no. 1 (2017): 341–52. https://doi.org/10.1111/gcb.13425.","free.living","NA","","direct observation; in literature","bladder wrack","rock weed","Macroalgae","x","x","NA","Y","y","y",0.999999999999999,0
32,"32","32.1","1","32","Ascophyllum nodosum","32","Ascophyllum nodosum","adult","Ascophyllum nodosum","Ochrophyta","Phaeophyceae","Fucales","Ascophyllum","nodosum","species","seaweed","autotroph","sessile","resident","yes","yes","Ascophylla laevigata; Ascophylla nodosa; Ascophyllum mackayi f. robertsonii; Ascophyllum nodosum f. denudatum; Ascophyllum nodosum var. furcatum; Ascophyllum nodosum var. lusitanicum; Ascophyllum nodosum var. mackayi; Ascophyllum nodosum var. minor; Ascophyllum nodosum; Ascophyllum nodosum var. siliquatum; Ascophyllum nodosum var. typicum; Ascophyllum robertsonii; Chordaria scorpioides; Fistularia nodosa; Fucodium nodosum; Fucodium nodosum var. scorpioides; Fucus nodosus; Fucus nodosus var. denudatus; Fucus nodosus var. evesiculosus; Fucus nodosus var. siliquatus; Halicoccus nodosus; Halicoccus nodosus var. furcatus; Halidrys siliquosa var. minor; Ozothallia nodosa; Ozothallia nodosa f. furcata; Ozothallia vulgaris","Gulf of Maine, USA","Sorte, Cascade J. B., Victoria E. Davidson, Marcus C. Franklin, Kylla M. Benes, Meredith M. Doellman, Ron J. Etter, Robyn E. Hannigan, Jane Lubchenco, and Bruce A. Menge. “Long-Term Declines in an Intertidal Foundation Species Parallel Shifts in Community Composition.” Global Change Biology 23, no. 1 (2017): 341–52. https://doi.org/10.1111/gcb.13425.","free.living","NA","","in literature","knotted wrack","rock weed","Macroalgae","x","","NA","Y","y","y",1,0
36,"36","36.1","1","36","Chondrus crispus","36","Chondrus crispus","adult","Chondrus crispus","Rhodophyta","Florideophyceae","Gigartinales","Chondrus","crispus","species","seaweed","autotroph","sessile","resident","yes","yes","Chondrus crispus f. abbreviatus; Chondrus crispus f. aequalis; Chondrus crispus f. densus; Chondrus crispus f. incurvatus; Chondrus crispus f. polychotoma; Chondrus crispus f. polychotomus; Chondrus crispus f. typica; Chondrus crispus var. aequalis; Chondrus crispus var. incurvatus; Chondrus crispus var. lacerus; Chondrus crispus var. patens; Chondrus crispus var. planus; Chondrus crispus var. sarniensis; Chondrus crispus var. virens; Chondrus norvegicus; Chondrus platysma; Chondrus variolosus; Fucus ceranoides var. lacerus; Fucus crispus; Fucus crispus var. aequalis; Fucus crispus var. brunneus; Fucus crispus var. filiformis; Fucus crispus var. lacerus; Fucus crispus var. patens; Fucus crispus var. planus; Fucus crispus var. sarniensis; Fucus crispus var. virens; Fucus lacerus; Fucus norvegicus; Fucus patens; Gigartina heterocarpa; Gymnogongrus norvegicus; Iridaea heterocarpa; Iridophycus heterocarpus; Oncotylus norvegicus; Polymorpha aequalis; Polymorpha crispa; Polymorpha norvegicus; Sphaerococcus crispus f. aequalis; Sphaerococcus crispus var. ciliatus; Sphaerococcus norvegicus","Gulf of Maine, USA","present study; Sorte, Cascade J. B., Victoria E. Davidson, Marcus C. Franklin, Kylla M. Benes, Meredith M. Doellman, Ron J. Etter, Robyn E. Hannigan, Jane Lubchenco, and Bruce A. Menge. “Long-Term Declines in an Intertidal Foundation Species Parallel Shifts in Community Composition.” Global Change Biology 23, no. 1 (2017): 341–52. https://doi.org/10.1111/gcb.13425.","free.living","NA","","direct observation; in literature","irish moss","red algae","Macroalgae","x","x","NA","Y","y","y",1,0
37,"37","37.1","1","37","Corallina officinalis","37","Corallina officinalis","adult","Corallina officinalis","Rhodophyta","Florideophyceae","Corallinales","Corallina","officinalis","species","seaweed","autotroph","sessile","resident","yes","yes","Amphiroa cretacea; Amphiroa cretacea f. rosariformis; Amphiroa cretacea f. typica; Arthrocardia cretacea; Bossiella cretacea; Corallina anglica; Corallina calvadosii; //Corallina compacta; Corallina cretacea; Corallina nana; Corallina officinalis f. compacta; Corallina officinalis f. nana; Corallina officinalis f. profunda; Corallina officinalis f. vulgaris; Corallina officinalis var. compacta; Corallina officinalis var. flabellifera; Corallina officinalis var. nana; Corallina officinalis var. profunda; Corallina officinalis var. vulgaris; Pachyarthron cretaceum","Gulf of Maine, USA","present study; Sorte, Cascade J. B., Victoria E. Davidson, Marcus C. Franklin, Kylla M. Benes, Meredith M. Doellman, Ron J. Etter, Robyn E. Hannigan, Jane Lubchenco, and Bruce A. Menge. “Long-Term Declines in an Intertidal Foundation Species Parallel Shifts in Community Composition.” Global Change Biology 23, no. 1 (2017): 341–52. https://doi.org/10.1111/gcb.13425.","free.living","NA","Hardely any data, one paper already in databse","direct observation; in literature","articulated coralline","coralline algae","Macroalgae","","x","NA","Y","y","y",0.999999999999998,0
38,"38","38.1","1","38","Mastocarpus stellatus","38","Mastocarpus stellatus","adult","Mastocarpus stellatus","Rhodophyta","Florideophyceae","Gigartinales","Mastocarpus","stellatus","species","seaweed","autotroph","sessile","resident","yes","yes","Chondrus crispus var. stellatus, Chondrus echinatus, Chondrus mamillosus, Chondrus mammillosus, Chondrus stellatus, Fucus alveolatus, Fucus coronopifolius, Fucus crispus var. mammillosus, Fucus degener, Fucus echinatus, Fucus mamillosus var. acutus,Fucus mamillosus var. incurvus,Fucus mamillosus var. prolifer, Fucus mammillosus, Fucus mammillosus var. acutus, Fucus mammillosus var. incurvus, Fucus mammillosus var. prolifer, Fucus stellatus, Gigartina cornopifolia (Zoega), Gigartina mammillosa, Gigartina mammillosa var. vulgaris, Gigartina stellata, Gigartina stellata f. acuta, Gigartina stellata f. incurvata, Gigartina stellata f. prolifera, Mastocarpus mammillosus, Petrocelis cruenta, Phyllophora mamillosa, Polymorpha stellata, Rhodymenia mammillosa, Sphaerococcus crispus var. stellatus , Sphaerococcus mammillosus","Gulf of Maine, USA","present study; Sorte, Cascade J. B., Victoria E. Davidson, Marcus C. Franklin, Kylla M. Benes, Meredith M. Doellman, Ron J. Etter, Robyn E. Hannigan, Jane Lubchenco, and Bruce A. Menge. “Long-Term Declines in an Intertidal Foundation Species Parallel Shifts in Community Composition.” Global Change Biology 23, no. 1 (2017): 341–52. https://doi.org/10.1111/gcb.13425.","free.living","NA","no new paper results, many west coast papers came up","direct observation; in literature","false irish moss","red algae","Macroalgae","x","x","NA","Y","y","y",1,0
41,"41","41.1","1","41","Ralfsia spp.","41","Ralfsia spp.","adult","Ralfsia spp.","Ochrophyta","Phaeophyceae","Ralfsiales","Ralfsia","spp.","species","seaweed","autotroph","sessile","resident","yes","yes","Fucus fungiformis; Ralfsia deusta; Zonaria deusta","Gulf of Maine, USA","Sorte, Cascade J. B., Victoria E. Davidson, Marcus C. Franklin, Kylla M. Benes, Meredith M. Doellman, Ron J. Etter, Robyn E. Hannigan, Jane Lubchenco, and Bruce A. Menge. “Long-Term Declines in an Intertidal Foundation Species Parallel Shifts in Community Composition.” Global Change Biology 23, no. 1 (2017): 341–52. https://doi.org/10.1111/gcb.13425.","free.living","NA","Likely Ralfsia fungiformis but other sp possible. Based on Sorte et al. 2017 S2. not many results, no trophic interaction data, one on symbiosis","in literature","crustose brown algae","brown algae","Macroalgae","","","NA","Y","y","y",1,0
47,"47","47.1","1","47","Hildenbrandia.spp.and.unk.brown.red.crusts ","47","Hildenbrandia.spp.and.unk.brown.red.crusts ","adult","Hildenbrandia.spp.and.unk.brown.red.crusts ","Rhodophyta","Florideophyceae","Hildenbrandiales","Hildenbrandia","spp.","aggregate group","seaweed","autotroph","sessile","resident","yes","yes","Hildenbrandia nardiana, Hildenbrandia nardoi, Hildenbrandia prototypus, Hildenbrandia rosea,/// Hildenbrandia rosea var. fuscescens, Hildenbrandia sanguinea, Rhododermis drummondii, Verrucaria rubra","Gulf of Maine, USA","present study; Sorte, Cascade J. B., Victoria E. Davidson, Marcus C. Franklin, Kylla M. Benes, Meredith M. Doellman, Ron J. Etter, Robyn E. Hannigan, Jane Lubchenco, and Bruce A. Menge. “Long-Term Declines in an Intertidal Foundation Species Parallel Shifts in Community Composition.” Global Change Biology 23, no. 1 (2017): 341–52. https://doi.org/10.1111/gcb.13425.","free.living","NA","many sp of Hildenbrandia likely in present study, plus unknown brown and red crusts that are not possible to ID in field","direct observation; in literature","rock rust","crustose red algae","Macroalgae","x","x","NA","Y","partial","partial",1,0
48,"48","48.1","1","48","Ceramium deslongchampsii","48","Ceramium deslongchampsii","adult","Ceramium deslongchampsii","Rhodophyta","Florideophyceae","Ceramiales","Ceramium","deslongchampsii","species","seaweed","autotroph","sessile","resident","yes","yes","Ceramium agardhianum; Ceramium diaphanum var. strictum; Ceramium patens; Ceramium pellucidum; Ceramium pellucidum; Ceramium strictum; //Ceramium strictum; Gongroceras deslongchampsii; Gongroceras pellucidum; Gongroceras strictum; Hormocera","Gulf of Maine, USA","present study; Sorte, Cascade J. B., Victoria E. Davidson, Marcus C. Franklin, Kylla M. Benes, Meredith M. Doellman, Ron J. Etter, Robyn E. Hannigan, Jane Lubchenco, and Bruce A. Menge. “Long-Term Declines in an Intertidal Foundation Species Parallel Shifts in Community Composition.” Global Change Biology 23, no. 1 (2017): 341–52. https://doi.org/10.1111/gcb.13425.","free.living","NA","resolved to species by DNM due to presence on Allen Island, no new data, one existing paper","direct observation; in literature","branching red tufts","red algae","Macroalgae","","x","NA","Y","y","y",1,0
49,"49","49.1","1","49","Porphyra sp.","49","Porphyra sp.","adult","Porphyra sp.","Rhodophyta","Bangiophyceae","Bangiales","Porphyra","sp.","Genus","seaweed","autotroph","sessile","resident","yes","yes","NA","Gulf of Maine, USA","present study; Sorte, Cascade J. B., Victoria E. Davidson, Marcus C. Franklin, Kylla M. Benes, Meredith M. Doellman, Ron J. Etter, Robyn E. Hannigan, Jane Lubchenco, and Bruce A. Menge. “Long-Term Declines in an Intertidal Foundation Species Parallel Shifts in Community Composition.” Global Change Biology 23, no. 1 (2017): 341–52. https://doi.org/10.1111/gcb.13425.","free.living","NA","may be able to resolve to species by looking at local options; no data, most papers on nutritional value for humans and using as feed for aquaculture)","direct observation; in literature","nori","red algae","Macroalgae","","x","NA","Y","y","y",1,0
52,"52","52.1","1","52","Ulva lactuca","52","Ulva lactuca","adult","Ulva lactuca","Chlorophyta","Ulvophyceae","Ulvales","Ulva","lactuca","species","seaweed","autotroph","sessile","resident","yes","yes","Monostroma lactuca; Phycoseris fasciata; Phyllona lactuca; Ulva crassa; Ulva fasciata; Ulva lactuca f. fasciata; Ulva lactucaefolia","Gulf of Maine, USA","present study; Sorte, Cascade J. B., Victoria E. Davidson, Marcus C. Franklin, Kylla M. Benes, Meredith M. Doellman, Ron J. Etter, Robyn E. Hannigan, Jane Lubchenco, and Bruce A. Menge. “Long-Term Declines in an Intertidal Foundation Species Parallel Shifts in Community Composition.” Global Change Biology 23, no. 1 (2017): 341–52. https://doi.org/10.1111/gcb.13425.","free.living","NA","a few new papers, many already in database","direct observation; in literature","sea lettuce","green algae","Macroalgae","","x","NA","Y","y","y",0.999999999999999,0
54,"54","54.1","1","54","Cladophora.and.unk.green.filaments","54","Cladophora.and.unk.green.filaments","adult","Cladophora.and.unk.green.filaments","Chlorophyta","Ulvophyceae","Cladophorales","Cladophora","spp.","Genus","seaweed","autotroph","sessile","resident","yes","yes","NA","Gulf of Maine, USA","Sorte, Cascade J. B., Victoria E. Davidson, Marcus C. Franklin, Kylla M. Benes, Meredith M. Doellman, Ron J. Etter, Robyn E. Hannigan, Jane Lubchenco, and Bruce A. Menge. “Long-Term Declines in an Intertidal Foundation Species Parallel Shifts in Community Composition.” Global Change Biology 23, no. 1 (2017): 341–52. https://doi.org/10.1111/gcb.13425.","free.living","NA","many species; will not resolve to sp. , surprisingly few papers on cladophora in GOM , most for other places","in literature","filamentous green","filamentous green","Macroalgae","","","NA","Y","partial","partial",0.999999999999999,0
55,"55","55.1","1","55","Colpomenia peregrina","55","Colpomenia peregrina","adult","Colpomenia peregrina","Ochrophyta","Phaeophyceae","Ectocarpales","Colpomenia","peregrina","species","seaweed","autotroph","sessile","resident","yes","yes","Colpomenia peregrina (Sauvageau); Colpomenia sinuosa var. peregrina","Gulf of Maine, USA","Sorte, Cascade J. B., Victoria E. Davidson, Marcus C. Franklin, Kylla M. Benes, Meredith M. Doellman, Ron J. Etter, Robyn E. Hannigan, Jane Lubchenco, and Bruce A. Menge. “Long-Term Declines in an Intertidal Foundation Species Parallel Shifts in Community Composition.” Global Change Biology 23, no. 1 (2017): 341–52. https://doi.org/10.1111/gcb.13425.","free.living","NA","easily confused with Leathesia marina (must be confirmed by microscope). In Sorte et al. 2017 historical surveys list Leathesia but not colpomenia, and modern surveys list colpomenia but not leathesia;","in literature","bladder weed","brown algae","Macroalgae","","","NA","Y","y","y",0.999999999999999,0
56,"56","56.1","1","56","Enteromorpha sp., ulva intestinalis","56","Enteromorpha sp., ulva intestinalis","adult","Enteromorpha sp., ulva intestinalis","Chlorophyta","Ulvophyceae","Ulvales","Enteromorpha, Ulva","sp.","Genus","seaweed","autotroph","sessile","resident","yes","yes","NA","Gulf of Maine, USA","Sorte, Cascade J. B., Victoria E. Davidson, Marcus C. Franklin, Kylla M. Benes, Meredith M. Doellman, Ron J. Etter, Robyn E. Hannigan, Jane Lubchenco, and Bruce A. Menge. “Long-Term Declines in an Intertidal Foundation Species Parallel Shifts in Community Composition.” Global Change Biology 23, no. 1 (2017): 341–52. https://doi.org/10.1111/gcb.13425.","free.living","NA","not a ton of new data","in literature, direct observation","tubular green algae","green algae","Macroalgae","x","x","NA","Y","y","y",1,0
66,"66","66.1","1","66","Homarus americanus","66","Homarus americanus","adult","Homarus americanus","Arthropoda","Malacostraca","Decapoda","Homarus","americanus","species","predator","heterotroph","mobile","transient","no","no","none","","Jones, Patricia L., and Myra J. Shulman. “Subtidal-Intertidal Trophic Links: American Lobsters [Homarus Americanus (Milne-Edwards)] Forage in the Intertidal Zone on Nocturnal High Tides.” Journal of Experimental Marine Biology and Ecology 361, no. 2 (July 4, 2008): 98–103. https://doi.org/10.1016/j.jembe.2008.05.004.; iNaturalist research grade observation","free.living","NA","","in literature","american lobster","crabs and lobster","Decapoda","","","NA","Y","n","n",2.78541666666667,0.285763617621529
69,"69","69.1","1","69","Halichondria panicea","69","Porifera","adult","Halichondria panicea","Porifera","Demospongiae","Suberitida","Halichondria","panicea","species","filter feeder","heterotroph","sessile","resident","as.aggregate","as.aggregate","Alcyonium manusdiaboli sensu Esper, 1794; Alcyonium medullare; Alcyonium paniceum; Amorphina appendiculata Schmidt; Amorphina coccinea; Amorphina grisea; //Amorphina paciscens; Amorphina panicea; Clathria (Microciona) seriata; Clathria (Microciona) tumulosa; Clathria seriata; Eumastia appendiculata//; Halichondria albescens; Halichondria ambigua; Halichondria bibula; Halichondria brettii; Halichondria caduca; Halichondria coccinea; //Halichondria coralloides Bowerbank; Halichondria edusa; Halichondria firmus; Halichondria glabra; Halichondria grisea; Halichondria incerta; Halichondria lactea; ///Halichondria membrana; Halichondria paciscens; Halichondria panacea; Halichondria panicea; Halichondria pannosus; Halichondria papillaris; Halichondria reticulata; Halichondria reticulata; ///Halichondria sevosa; Halichondria topsenti; Halichondriella corticata; Halina panicea; Halina papillaris; Halispongia papillaris///; Hymeniacidon brettii; Hymeniacidon coccinea; Hymeniacidon fallaciosus; Hymeniacidon firmus; Hymeniacidon fragilis; Hymeniacidon lactea; Hymeniacidon membrana////; Hymeniacidon parfitti; Hymeniacidon reticulatus; Hymeniacidon solidus; Hymeniacidon tegeticula; Hymeniacidon thomasii; Isodictya crassa; Isodictya perplexa; Menanetia minchini; Microciona tumulosa; //Pellina bibula; Scypha papillaris f. sowerbeii; Seriatula seriata; Spongia albescens; Spongia compacta; Spongia cristata; Spongia panicea; Spongia seriata; Spongia tomentosa; Spongia urens; Spuma borealis var. convoluta; Spuma borealis var. tuberosa; Spuma borealis var. velamentosa; Trachyopsilla glaberrima","Gulf of Maine, USA","present study; iNaturalist research grade observation","free.living","NA","observed in bioblitz, low intertidal pools","direct observation","breadcrumb sponge","sponges","Porifera","","","NA","Y","partial","partial",2.33333333333334,0.222222222222222
70,"70","70.1","1","70","Neovison vison","70","Neovison vison","adult","Neovison vison","Chordata","Mammalia","Carnivora","Neovison","vison","species","predator","heterotroph","mobile","transient","no","no","Mustela vison","Gulf of Maine, USA","present study","free.living","NA","most papers were already in database from earlier search by LVK","direct observation","mink","mammals","Mustelidae","","x","NA","Y","n","n",3.76052564102565,0.230810056678719
71,"71","71.1","1","71","Calidris maritima","71","Calidris maritima","adult","Calidris maritima","Chordata","Aves","Charadriiformes","Calidris","maritima","species","predator","heterotroph","mobile","transient","no","no","Arquatella maritima (Brünnich, 1764); Tringa maritima Brünnich, 1764","","Randall Downer; Louis Bevier","free.living","NA","feeds on mussels; forages in rocky intertidal; very few results (<30)","expert opinion","purple sandpiper","birds","Aves","rare","","NA","Y","n","n",3.00902777777778,0.223676215277779
72,"72","72.1","1","72","Somateria mollissima","72","Somateria mollissima","adult","Somateria mollissima","Chordata","Aves","Anseriformes","Somateria","mollissima","species","predator","heterotroph","mobile","transient","no","no","Anas mollissima Linnaeus, 1758","","https://cdnsciencepub.com/doi/abs/10.1139/z04-124; https://ebird.org/species/comeid; present study","free.living","NA","eats mussels; chicks eaten by Great Black-backed gulls","in literature; direct observation","eider duck","birds","Aves","","x","NA","Y","n","n",3.12649572649573,0.0863160201621756
79,"79","79.1","1","79","Crustose coralline spp.","79","Crustose coralline spp.","adult","Clathromorphum circumscriptum","Rhodophyta","Florideophyceae","Corallinales","Clathromorphum","circumscriptum","species","seaweed","autotroph","sessile","resident","yes","yes","Clathromorphum compactum f. circumscriptum (Strömfelt) Foslie, 1908 (synonym); Clathromorphum durum (Kjellman) Foslie, 1898 (synonym); Clathromorphum evanescens (Foslie) Foslie, 1898; Lithothamnion circumscriptum Strömfelt, 1886; Lithothamnion circumscriptum f. areolatum Rosenvinge, 1893; //Lithothamnion compactum f. circumscriptum (Strömfelt) Lund, 1959 (synonym); Lithothamnion durum Kjellman, 1889; Lithothamnion evanescens Foslie, 1895; Phymatolithon compactum f. circumscriptum (Strömfelt) Foslie, 1905; Phymatolithon evanescens (Foslie) Foslie, 1905","","https://esajournals.onlinelibrary.wiley.com/doi/abs/10.2307/1938967; https://esajournals.onlinelibrary.wiley.com/doi/full/10.1002/ecy.2226?casa_token=mG8sT4xYyswAA[…]-b5bNjB-elnoB7i0Qw0qqChKhW3MYIL1RV9HnuUkqhkCdUfGtcU","free.living","NA","eaten by tortoiseshell limpet; common. only 3 crustose corallines in the shallow subtidal zones in Maine. This is most common. Not a ton of new papers but some already in database","","crustose coralline","coralline algae","Corallinophycidae","","","NA","Y","partial","partial",1,0
80,"80","80.1","1","79","Crustose coralline spp.","79","Crustose coralline spp.","adult","Phymatolithon sp.","Rhodophyta","Florideophyceae","Corallinales","Phymatolithon","sp.","genus","seaweed","autotroph","sessile","resident","as.aggregate","as.aggregate","NA","","https://esajournals.onlinelibrary.wiley.com/doi/abs/10.2307/1938967","free.living","NA","fairly common, need to confirm species present; not a ton of data available","","crustose coralline","coralline algae","Corallinophycidae","","","NA","Y","partial","partial",1,0
83,"83","83.1","1","83","Dynamena pumila","83","Hydroids","adult","Dynamena pumila","Cnidaria","Hydrozoa","Leptothecata","Dynamena","pumila","species","predator","heterotroph","sessile","resident","as.aggregate","as.aggregate","Sertularia pumila Linnaeus, 1758","Gulf of Maine, USA","Larsen, Peter Foster. “The Macroinvertebrate Fauna of Rockweed (Ascophyllum Nodosum)–Dominated Low-Energy Rocky Shores of the Northern Gulf of Maine.” Journal of Coastal Research 279 (January 2012): 36–42. https://doi.org/10.2112/JCOASTRES-D-10-00004.1.; Doggett, L. F., Larsen, P. F., & Sykes, S. C. (1978). Intertidal bedrock areas of high species diversity in Maine, and their relevance to the Critical Areas Program. Maine State Planning Office, Natural Resource Planning Division, Critical Areas Program.; WHOI keys; Shoals sp checklist","free.living","NA","name change from Sertularia. usually attached to seaweed, feeds on planktonic organisms, common. common in intertidal brown algae in protected waters","in literature","hydroid","hydroids","Hydrozoa","x","","NA","Y","partial","partial",2.5,0.25
89,"89","89.1","1","89","Gammarid","89","Gammarid","adult","Ampithoe rubricata","Arthropoda","Malacostraca","Amphipoda","Amphithoe","rubricata","species","herbivore","heterotroph","mobile","resident","as.aggregate","as.aggregate","Amphitoe rubricata (Montagu, 1808) (spelling mistake); Ampithoe albomaculata Krøyer, 1846; Ampithoe littorina Spence Bate, 1857 (Synonym); Ampithoe picta Rathke, 1837; Ampithoe podoceroides Rathke, 1843; Ampithoe punctata Johnston, 1827; Ampithoe punctatus Johnston, 1827; Ampithoe rubicata (Montagu, 1808) (lapsus calami); Cancer (Gammarus) rubricatus Montagu, 1808 (superseded original combination); Gammarus punctatus Johnson, 1827 (Synonym)","","Chavanich, Suchana, and Kim A. Wilson. “Rocky Intertidal Zonation of Gammaridean Amphipods in Long Island Sound, Connecticut.” Crustaceana 73, no. 7 (2000): 835–46.; Larsen, Peter Foster. “The Macroinvertebrate Fauna of Rockweed (Ascophyllum Nodosum)–Dominated Low-Energy Rocky Shores of the Northern Gulf of Maine.” Journal of Coastal Research 279 (January 2012): 36–42. https://doi.org/10.2112/JCOASTRES-D-10-00004.1.; Doggett, L. F., Larsen, P. F., & Sykes, S. C. (1978). Intertidal bedrock areas of high species diversity in Maine, and their relevance to the Critical Areas Program. Maine State Planning Office, Natural Resource Planning Division, Critical Areas Program.","free.living","NA","found at multiple sites in Larsen et al. ; more abundant in Chondrus chrispus in lower zone (Chavanich and Wilson); uncommon to abundant. feeds on algae or detritus, builds nest in seaweed or mussel beds","in literature","Amphithoe","small crustaceans","Amphipods","x","","NA","Y","partial","partial",2,5.50353740908097e-30
90,"90","90.1","1","89","Gammarid","89","Gammarid","adult","Apohyale prevostii","Arthropoda","Malacostraca","Amphipoda","Apohyale","prevostii","species","herbivore","heterotroph","mobile","resident","as.aggregate","as.aggregate","Allorchestes danai Spence Bate, 1857 (superseded original combination); Ampithoe prevostii H. Milne Edwards, 1830 (superseded original combination); Hyale danai (Spence Bate, 1857) (junior subjective synonym); Hyale major Chevreux, 1888; Hyale nidrosiensis (Krøyer, 1845); Hyale nilssoni Rathke, 1843 (Synonym); Hyale prevosti (H. Milne Edwards, 1830); Orchestia nidrosiensis Krøyer, 1845","","Chavanich, Suchana, and Kim A. Wilson. “Rocky Intertidal Zonation of Gammaridean Amphipods in Long Island Sound, Connecticut.” Crustaceana 73, no. 7 (2000): 835–46.; Larsen, Peter Foster. “The Macroinvertebrate Fauna of Rockweed (Ascophyllum Nodosum)–Dominated Low-Energy Rocky Shores of the Northern Gulf of Maine.” Journal of Coastal Research 279 (January 2012): 36–42. https://doi.org/10.2112/JCOASTRES-D-10-00004.1.; Doggett, L. F., Larsen, P. F., & Sykes, S. C. (1978). Intertidal bedrock areas of high species diversity in Maine, and their relevance to the Critical Areas Program. Maine State Planning Office, Natural Resource Planning Division, Critical Areas Program.","free.living","NA","Hyale prevosti in Larsen study; abundant in Fucus vesciulosus in upper zone. absent in lower zone (Chavanich and Wilson); uncommon to very common. herbivore, found in barnacle zone and rockweed zone, usually between mussels or barnacles. actively hops about when disturbed. ","in literature","hyalid amphipod","small crustaceans","Amphipods","x","","NA","Y","partial","partial",2,7.04633568986477e-31
91,"91","91.1","1","89","Gammarid","89","Gammarid","adult","Echinogammarus obtusatus","Arthropoda","Malacostraca","Amphipoda","Echinogammarus","obtusatus","species","macrophagous detritivore","heterotroph","mobile","resident","as.aggregate","as.aggregate","Eulimnogammarus obtusatus; Gammarus obtusatus Dahl, 1938; Marinogammarus obtusatus (Dahl, 1938)","Gulf of Maine, USA","Larsen, Peter Foster. “The Macroinvertebrate Fauna of Rockweed (Ascophyllum Nodosum)–Dominated Low-Energy Rocky Shores of the Northern Gulf of Maine.” Journal of Coastal Research 279 (January 2012): 36–42. https://doi.org/10.2112/JCOASTRES-D-10-00004.1.; Doggett, L. F., Larsen, P. F., & Sykes, S. C. (1978). Intertidal bedrock areas of high species diversity in Maine, and their relevance to the Critical Areas Program. Maine State Planning Office, Natural Resource Planning Division, Critical Areas Program.","free.living","NA","Gammarus obtusatus in Larsen study. A dominant organism in Larsen study; lives under rocks and in tidepools, also in saltmarshes. infrequent to commonly found. (maybe be more common in protected areas based on Larsen's findings)","in literature","gammarid amphipod","small crustaceans","Amphipods","x","","NA","Y","partial","partial",2,4.76151512010745e-30
92,"92","92.1","1","89","Gammarid","89","Gammarid","adult","Gammarellus angulosus","Arthropoda","Malacostraca","Amphipoda","Gammarellus","angulosus","species","detritivore","heterotroph","mobile","resident","as.aggregate","as.aggregate","Amathilla angulosus (Rathke, 1843) (Synonym); Amathilla sabini (Leach) (Synonym); Gammarus angulosus Rathke, 1843","","Chavanich, Suchana, and Kim A. Wilson. “Rocky Intertidal Zonation of Gammaridean Amphipods in Long Island Sound, Connecticut.” Crustaceana 73, no. 7 (2000): 835–46; Doggett, L. F., Larsen, P. F., & Sykes, S. C. (1978). Intertidal bedrock areas of high species diversity in Maine, and their relevance to the Critical Areas Program. Maine State Planning Office, Natural Resource Planning Division, Critical Areas Program.","free.living","NA","study in Connecticut; abundant in Chondrus crispus; unreliable feeding info but likely detritivore. free-swimming and may be found clinging to seaweed or in tidepools. Only 36 results without genus, included genus to get to 67 results with synonyms","in literature","gammarid amphipod","small crustaceans","Amphipods","","","NA","Y","partial","partial",2,1.79515159744357e-29
93,"93","93.1","1","89","Gammarid","89","Gammarid","adult","Gammarus oceanicus","Arthropoda","Malacostraca","Amphipoda","Gammarus","oceanicus","species","omnivore","heterotroph","mobile","resident","as.aggregate","as.aggregate","Gammarus zaddachi oceanicus; Lagunogammarus oceanicus (Segerstråle, 1947) ","","Chavanich, Suchana, and Kim A. Wilson. “Rocky Intertidal Zonation of Gammaridean Amphipods in Long Island Sound, Connecticut.” Crustaceana 73, no. 7 (2000): 835–46.; Larsen, Peter Foster. “The Macroinvertebrate Fauna of Rockweed (Ascophyllum Nodosum)–Dominated Low-Energy Rocky Shores of the Northern Gulf of Maine.” Journal of Coastal Research 279 (January 2012): 36–42. https://doi.org/10.2112/JCOASTRES-D-10-00004.1.; Doggett, L. F., Larsen, P. F., & Sykes, S. C. (1978). Intertidal bedrock areas of high species diversity in Maine, and their relevance to the Critical Areas Program. Maine State Planning Office, Natural Resource Planning Division, Critical Areas Program.","free.living","NA","The most common intertidal amphipod of northern New England, found in seaweed, or under rocks or free swimming. ""In coastal marine habitats, from mid-tide level to shallow subtidal, occasionally to depths of 25 metres; usually amongst algae; tolerates wide range of salinity and temperature.""","in literature","gammarid amphipod","small crustaceans","Amphipods","x","","NA","Y","partial","partial",2,1.02280746742562e-29
115,"115","115.1","1","89","Gammarid","89","Gammarid","adult","Echinogammarus finmarchicus ","Arthropoda","Malacostraca","Amphipoda","Echinogammarus","finmarchicus","species","detritivore","heterotroph","mobile","resident","as.aggregate","as.aggregate","Gammarus finmarchicus; Marinogammarus finmarchicus (Dahl, 1938) (Synonym)","Gulf of Maine, USA","Larsen, Peter Foster. “The Macroinvertebrate Fauna of Rockweed (Ascophyllum Nodosum)–Dominated Low-Energy Rocky Shores of the Northern Gulf of Maine.” Journal of Coastal Research 279 (January 2012): 36–42. https://doi.org/10.2112/JCOASTRES-D-10-00004.1.","free.living","NA","Gammarus finmarchicus in Larsen study; at multiple sites; no observations in Maine on inaturalist but observations on WoRMS for Maine; Pollock has noted as common, intertidal, and in the GOM region; few results--added genus to the list to expand, still ~50 studies","in literature","gammarid amphipod","small crustaceans","Amphipods","x","","NA","Y","n","n",2,3.94800231159828e-30
117,"117","117.1","1","117","Phalacrocorax auritus","117","Phalacrocorax auritus","adult","Phalacrocorax auritus","Chordata","Aves","Pelecaniformes","Phalacrocorax","auritus","species","predator","heterotroph","mobile","transient","no","no","Nannopterum auritus (Lesson, 1831)","","Blackwell, B. F., Krohn, W. B., & Allen, R. B. (1995). Foods of nestling double-crested cormorants in Penobscot Bay, Maine, USA: temporal and spatial comparisons. Colonial Waterbirds, 199-208.","free.living","NA","feeds on several intertidal fishes in Maine (cunner, rock gunnel, sculpins)","in literature","double crested cormorant","birds","Aves","x","x","NA","Y","n","n",3.68155604559851,0.208812923344166
118,"118","118.1","1","118","Bryozoa encrusting","118","Bryozoa encrusting","adult","Electra pilosa","Bryozoa","Gymnolaemata","Cheilostomatida","Electra","pilosa","species","filter feeder","heterotroph","sessile","resident","as.aggregate","as.aggregate","Annulipora dentata; Annulipora pilosa; Flustra dentata; Flustra pilosa; Flustra tomentosa; Membranipora pilosa","","https://bioone.org/journals/american-malacological-bulletin/volume-34/issue-1/006.034.0107/Growth-and-Reproduction-of-the-Dorid-Nudibranch-Onchidoris-muricata-Fed/10.4003/006.034.0107.full","free.living","NA","native encrusting bryozoan, epiphytic on algae. eaten by Onchidoris muricata; not many *new* papers, also did a search with genus only to extend results a bit","in literature","encrusting bryozoan","bryozoan","Bryozoa","","","NA","Y","partial","partial",2.2,0.160000000000001
134,"134","134.1","1","79","Crustose coralline spp.","79","Crustose coralline spp.","adult","Lithothamnion glaciale","Rhodophyta","Florideophyceae","Corallinales","Lithothamnion","glaciale","species","seaweed","autotroph","sessile","resident","as.aggregate","as.aggregate","Lithothamnium glaciale (misspelling), Eleutherospora polymorpha f. battersii, Lithothamnion battersii, Lithothamnion boreale, Lithothamnion colliculosum, Lithothamnion colliculosum f. densum, Lithothamnion colliculosum f. laxa, Lithothamnion colliculosum f. laxum, Lithothamnion colliculosum f. pusillum, Lithothamnion colliculosum f. roseum, Lithothamnion colliculosum f. typica, Lithothamnion delapsum f. conglutinata, Lithothamnion flabellatum f. granii, Lithothamnion glaciale f. boreale, Lithothamnion glaciale f. colliculosum, Lithothamnion glaciale f. grani, Lithothamnion glaciale f. granii, Lithothamnion glaciale f. pusillum, Lithothamnion glaciale f. subsimplex, Lithothamnion glaciale f. typicum, Lithothamnion glaciale var. colliculosum, Lithothamnion glaciale var. grani, Lithothamnion glaciale var. granii, Lithothamnion grani, Lithothamnion grani f. reductum, Lithothamnion granii, Lithothamnion granii f. reductum, Lithothamnion roseum, Phymatolithon polymorphum f. battersii","","https://esajournals.onlinelibrary.wiley.com/doi/abs/10.2307/1938967; https://esajournals.onlinelibrary.wiley.com/doi/full/10.1002/ecy.2226?casa_token=mG8sT4xYyswAA[…]-b5bNjB-elnoB7i0Qw0qqChKhW3MYIL1RV9HnuUkqhkCdUfGtcU","free.living","NA","need to confirm species, see if common; a few records around GOM, not many records in general on the East coast so maybe 'don't add-rare'?   AKB: add, Mathieson & Dawes has as common in this region, not a ton of results so added genus to search terms, no *new* papers","in literature","crustose coralline","coralline algae","Corallinophycidae","","","NA","Y","partial","partial",1,0
154,"154","154.1","1","154","Myoxocephalus octodecemspinosus","154","Myoxocephalus octodecemspinosus","adult","Myoxocephalus octodecemspinosus","Chordata","Actinopteri","Perciformes","Myoxocephalus","octodecemspinosus","species","predator","heterotroph","mobile","transient","no","no","Cottus octodecemspinosus Mitchill, 1814; Myoxocephalus octodecemspinosis (Mitchill, 1814) (misspelling); Myoxocephalus octodecimspinosus (Mitchill, 1814)","","https://link.springer.com/content/pdf/10.1007/s12237-016-0187-9.pdf; in Moring 1993 list ","free.living","NA","From fishbase: ""Commonly found in harbors and shallow coastal waters. Move to deeper water in winter. Adults attach their eggs near the base of a sponge to use as a spawning bed (Ref. 34819, 41075). Benthic; feeds on crustaceans, molluscs, sea squirts, squids and fishes (herring, mackerel, smelt, sand lance and silversides (Ref. 5951)) (Ref. 58426)."" ; listed in Moring 1993 as foraging in intertidal and found in pools as juveniles","in literature","longhorn sculpin","fishes","Teleostei","","","NA","Y","n","n",2.99141737891737,0.327112767012288
155,"155","155.1","1","155","Myoxocephalus scorpius","155","Myoxocephalus scorpius","adult","Myoxocephalus scorpius","Chordata","Actinopteri","Perciformes","Myoxocephalus","scorpius","species","predator","heterotroph","mobile","transient","no","no","Acanthocottus scorpius (Linnaeus, 1758); Cottus groenlandicus Cuvier, 1829; Cottus scorpius Linnaeus, 1758 (synonym); Cottus verrucosus Bean, 1881 (synonym); Myoxocephalus scorpius groenlandicus (Cuvier, 1829); Myoxocephalus scorpius scorpius (Linnaeus, 1758); Myxocephalus scorpius (Linnaeus, 1758) (misspelling)","","https://link.springer.com/content/pdf/10.1007/s12237-016-0187-9.pdf; https://www.jstor.org/stable/3858372?seq=1#metadata_info_tab_contents","free.living","NA","From Fishbase: Found on rocky bottoms with sand or mud, or among seaweeds (Ref. 4698). Benthic (Ref. 58426). Feeds on fishes, large crustaceans, occasionally polychaetes and amphipods (Ref. 4698). During the spawning season, the male's underside becomes deep red with white spots. ""...M. scorpius were studied in rocky tide pools along the coast of Maine""...records of them in Maine","in literature","shorthorn sculplin","fishes","Teleostei","","","NA","Y","n","n",3.06567362480824,0.394850416962964
156,"156","156.2","2","156","Pollachius virens","156","Pollachius virens","juvenile","Pollachius virens","Chordata","Actinopteri","Gadiformes","Pollachius","virens","species","predator","heterotroph","mobile","transient","no","no","Gadus carbonarius; Gadus colinus; Gadus purpureus; Gadus sey; Gadus virens; ///Merlangus carbonarius; Merlangus purpureus; Merlangus virens; Polachius virens; Pollachius carbonarius","","https://www.int-res.com/abstracts/meps/v126/p9-17/","free.living","NA","Juveniles spend time foraging in intertidal (relevance to fisheries and ecosystem services); ""There were few differences in pollock densities between algal and open habitats but abundances likely increased in the algal habitat at higher tidal stages when changes in habitat availability are taken into account. Densities were higher at night and there was an order of magnitude decline in pollock densities from early to late summer. In another study we showed that piscivorous birds are a probable cause of pollock summer mortality. Pollock fed on invertebrates from intertidal algae relatively continuously.""","in literature","juvenile pollach","fishes","Teleostei","","","NA","Y","n","n",3.01818181818182,0.00330578512396722
157,"157","157.1","1","157","Tautoga onitis","157","Tautoga onitis","adult","Tautoga onitis","Chordata","Actinopteri","Eupercaria incertae sedis","Tautoga","onitis","species","predator","heterotroph","mobile","transient","no","no","Labrus onitis Linnaeus, 1758","","https://books.google.com/books?hl=en&lr=&id=oP9qaT8eLLYC&oi=fnd&pg=PR6&dq=%22geukensia+demissa%22+parasitism+%22Gulf+of+Maine%22&ots=c9gtgQXj9H&sig=UT8C7YWl6oqDNOZ_7uniqQNd78c#v=onepage&q&f=false; https://www.inaturalist.org/taxa/52547-Tautoga-onitis; Olla, B. L., Bejda, A. J., & Martin, A. D. (1979). Seasonal dispersal and habitat selection of cunner, Tautogolabrus adspersus, and young tautog, Tautoga onitis, in Fire Island Inlet, Long Island, New York. In Fish. Bull. US (Vol. 77, pp. 255-261). Long Island New York.; https://www.greateratlantic.fisheries.noaa.gov/policyseries/index.php/GARPS/article/view/4/5","free.living","NA","recreationally sought after; eats mollusks and crustaceans, Mytilus is an important prey, associated with algal cover.  lives among rocks in shallow water, many papers already in database","in literature","tautog","fishes","Teleostei","","","NA","Y","n","n",3.0703869047619,0.135775160324547
160,"160","160.1","1","160","Gasterosteus aculeatus","160","Gasterosteus aculeatus","adult","Gasterosteus aculeatus","Chordata","Actinopteri","Perciformes","Gasterosteus","aculeatus","species","predator","heterotroph","mobile","transient","no","no","Gasteracanthus cataphractus Pallas, 1814; Gasterosteus aculeatus trachurus Cuvier, 1829; Gasterosteus algeriensis Sauvage, 187; Gasterosteus argentatissimus Blanchard, 1866; Gasterosteus argyropomus Cuvier, 1829; Gasterosteus atkinsii Bean, 1879; Gasterosteus bailloni Blanchard, 1866; /////Gasterosteus biaculeatus Mitchill, 1815; Gasterosteus bispinosus Walbaum, 1792; Gasterosteus brachycentrus Cuvier, 1829; Gasterosteus cataphractus (Pallas, 1814); Gasterosteus cuvieri Girard, 1850; ////Gasterosteus dimidiatus Reinhardt, 1837 (synonym); Gasterosteus elegans Blanchard, 1866; Gasterosteus gymnurus Cuvier, 1829; Gasterosteus inopinatus Girard, 1854; ////Gasterosteus insculptus Richardson, 1855; Gasterosteus intermedius Girard, 1856; ////Gasterosteus leiurus Cuvier, 1829; Gasterosteus loricatus Reinhardt, 1837; Gasterosteus neoboracensis DeKay, 1842; Gasterosteus neustrianus Blanchard, 1866; Gasterosteus niger Cuvier, 1829; Gasterosteus noveboracensis Cuvier, 1829; ///Gasterosteus obolarius Cuvier, 1829; Gasterosteus plebeius Girard, 1854; Gasterosteus pugetti Girard, 1856; Gasterosteus semiarmatus Cuvier, 1829 (synonym); Gasterosteus semiloricatus Cuvier, 1829; Gasterosteus serratus Ayres, 1855; ///Gasterosteus suppositus Sauvage, 1874; Gasterosteus teraculeatus Lacepède, 1801; Gasterosteus tetracanthus Cuvier, 1829; Gasterosteus texanus Sauvage, 1874; Gasterosteus trachurus Cuvier, 1829; Gasterosteus williamsoni Girard, 1854; Gastrosteus aculeatus (Linnaeus, 1758) (synonym); Gladiunculus bispinosus (unassessed)","","Moring 1993 Maine Naturalist (checklist of fish species collected in tide pools in Maine, Table 1); https://link.springer.com/article/10.1007/BF00001608; Moring 1990; Collette 1986","free.living","NA","""collected in maine tidepools as adults and juveniles""; from fishbase: ""Adults occur in fresh waters, estuaries and coastal seas (Ref. 4119). Anadromous, with numerous non-anadromous populations in brackish or pure freshwater, rarely in marine waters. In the sea, confined to coastal waters. In freshwater, adults prefer to live in small stream but may occur in a variety of habitats including lakes and large rivers (Ref. 59043). Inhabit shallow vegetated areas, usually over mud or sand (Ref. 5723). Form schools. Young associated with drifting seaweed (Ref. 12114, 12115).""; some lay eggs in intertidal; not a lot of new papers","in literature","Threespine stickleback","fishes","Teleostei","","","NA","Y","n","n",2.91025641025641,0.117828857533
163,"163","163.1","1","163","Myoxocephalus aenaeus","163","Myoxocephalus aenaeus","adult","Myoxocephalus aenaeus","Chordata","Actinopteri","Perciformes","Myoxocephalus","aenaeus","species","predator","heterotroph","mobile","transient","no","no","Cottus aenaeus Mitchill, 1814; Myoxocephalus aenaeas (Mitchill, 1814) ","","Moring 1993 Maine Naturalist (checklist of fish species collected in tide pools in Maine, Table 1); Moring 2001 Northeastern Naturalist; Collette 1986","free.living","NA","""collected in maine tidepools as adults and juveniles""; predominantly an estuarine species, assocaited with seagrass beds but Moring (2001) has M. aenaeus as an abundant year round rocky intertidal fish; no new data","in literature","Grubby","fishes","Teleostei","","","NA","Y","n","n",2.99999999999999,1.05099281018508e-29
167,"167","167.1","1","167","Detritus.carrion","167","Detritus.carrion","adult","Detritus.carrion","","","","","detritus.carrion","aggregate group","detritus","dead","passive","resident","no","no","NA","","","free.living","NA","eaten by many things, esp crabs","","","detritus","detritus","","","NA","N","n","n",1,0
168,"168","168.1","1","168","Detritus.dom","168","Detritus.dom","adult","Detritus.dom","","","","","detritus.DOM","aggregate group","detritus","dead","passive","resident","no","no","NA","","","free.living","NA","eaten by sessile inverts","","","detritus","detritus","","","NA","N","n","n",1.00000000000001,0
169,"169","169.1","1","169","Detritus.drift.algae","169","Detritus.drift.algae","adult","Detritus.drift.algae","","","","","detritus.drift.algae","aggregate group","detritus","dead","passive","resident","no","no","NA","","","free.living","NA","food for many herbivores","","","detritus","detritus","","","NA","N","n","n",0.999999999999999,0
170,"170","170.1","1","170","Detritus.small.omnivorous.pom","170","Detritus.small.omnivorous.pom","adult","Detritus.small.omnivorous.pom","","","","","detritus.small.omnivorous.POM","aggregate group","detritus","dead","passive","resident","no","no","NA","","","free.living","NA","suspension feeders and some amphipods","","","detritus","detritus","","","NA","N","n","n",1,0
171,"171","171.1","1","171","Diatoms, Benthic microalgae, films, etc.","171","Diatoms, Benthic microalgae, films, etc.","adult","Diatoms, Benthic microalgae, films, etc.","Ochrophyta","Bacillariophyceae","Bacillariophyceae","","Diatoms.benthic","aggregate group","microalgae","autotroph","planktonic","resident","no","no","NA","","","free.living","NA","food for many rock grazers","","benthic diatoms","microalgae","Microalgae","","","NA","N","n","n",1,0
174,"174","174.1","1","174","Diatoms.planktonic","174","Diatoms.planktonic","adult","Diatoms.planktonic","Ochrophyta","Bacillariophyceae","Bacillariophyceae","","Diatoms.planktonic","aggregate group","microalgae","autotroph","planktonic","resident","no","no","NA","","","free.living","NA","food for filter feeders, not many papers on planktonic diatoms specifically","","planktonic diatoms","plankton","Phytoplankton","","","NA","N","n","n",1.00000000000001,0
175,"175","175.1","1","175","Foraminifera","175","Foraminifera","adult","Foraminifera","","","","","Foraminifera","aggregate group","omnivore","mixed","planktonic","resident","no","no","NA","","Johnson, S. C., and R. E. Scheibling. “Structure and Dynamics of Epifaunal Assemblages on Intertidal Macroalgae Ascophyllum Nodosum and Fucus Vesiculosus in Nova Scotia, Canada.” Marine Ecology Progress Series 37, no. 2/3 (1987): 209–27.","free.living","NA","Not a ton of data but hopefully enough releavent data","in literature","","plankton","Microbes","","","NA","N","n","n",2.33333333333334,0.222222222222222
176,"176","176.1","1","176","Microplankton, bacteria, protozoa, nanoplankton","176","Microplankton, bacteria, protozoa, nanoplankton","adult","Microplankton, bacteria, protozoa, nanoplankton","","","","","microplankton","aggregate group","mixed","mixed","planktonic","resident","no","no","NA","","","free.living","NA","could be cilliates, flagellates, bacteria, etc? (sponges, tunicates, and bryozoans consume)","","","plankton","Microbes","","","NA","N","n","n",2.00000000000001,0
320,"250","250.1","1","320","Cyanobacteriaceae","320","Cyanobacteriaceae","adult","Cyanobacteriaceae","cyanobacteria","cyanophyceae","chroococcales","NA","Cyanobacteriaceae","Phylum","microalgae","autotroph","sessile","resident","yes","yes","cyanobacteria","Gulf of Maine, USA","Contemporary community data colllected by Sorte et al (2017)","free.living","493882","microalgae; may not be not adequately surveyed by most studies. ","in community datasets","blue green algae","microalgae","Microalgae","","","NA","N","y","n",1,0
