"species_2_Node.ID","species_1_Node.ID","species_2_id","species_1_id","Sp1.Species.Stage.ID","species_1_stage.ID","species_1_stage","species_1.accepted.name","species_2_id.1","Sp2.Species.Stage.ID","species_2_stage.ID","species_2_stage","species_2.accepted.name","interaction_sign","interaction_strength","Interaction_code","interaction_type","Justification","data.source","initials","Notes","latitude","longitude","Reference","ecosystem","tidal_zone","depth_meters","site_name","state","in_lab","experiment_or_observation","month","year_of_study","length_in_months_of_study","paper_id","last_name_first_author","year_published","DOI","in_maine","Timestamp","wave_exposure"
169,1,169,1,1.1,1,"adult","Mytilus edulis",169,169.1,1,"adult","Detritus.drift.algae",-1,"No",1,"herbivory","3","Paper.Database","JRR; DHC","; Algae as an important food item for mytilus edulis in Upper South Bay, Nova Scotia ",NA,NA,"231.Both.2020.; 159.Seed.1993.","","",NA,"Saco Bay ; Upper South Cove","ME; Nova Scotia","No","observational; experimental",NA,"2016; NA",NA,"231; 159","Both; Seed","2020; 1993","","Yes; No","12/3/2021 15:54:05; 12/9/2021 8:48:39",""
171,1,171,1,1.1,1,"adult","Mytilus edulis",171,171.1,1,"adult","Diatoms.benthic",-1,"No",1,"herbivory","3","Paper.Database","JRR; DHC","In intertidal salt marsh in France; Mytilus edulis gut content ",NA,NA,"775.Fiera.1999.10.3354/meps187301; 159.Seed.1993.","","",NA,"","France; ME","No; ","observational",NA,NA,NA,"775; 159","Fiera; Seed","1999; 1993","10.3354/meps187301; ","No; Yes","11/6/2021 13:21:30; 12/9/2021 0:20:04",""
174,1,174,1,1.1,1,"adult","Mytilus edulis",174,174.1,1,"adult","Diatoms.planktonic",-1,"No",1,"herbivory","3","Paper.Database","DHC","Drogue experiments in Mud Cove, Stonington ME found blue mussels feeding on benthic diatoms. ;  Mytilus edulis gut content ",NA,NA,"159.Seed.1993.","","",NA,"Mud Cove; ","ME","No","experimental; observational","6; NA","1990; NA","4; NA","159","Seed","1993","","Yes","12/6/2021 11:39:56; 12/9/2021 0:07:22","not mentioned; "
176,1,176,1,1.1,1,"adult","Mytilus edulis",176,176.1,1,"adult","Microplankton, bacteria, protozoa, nanoplankton",-1,"No",1,"herbivory","6","inferred by D Morton","DHC","Drogue experiments in Mud Cove, Stonington ME found blue mussels feeding on benthic diatoms. ;  Mytilus edulis gut content ",NA,NA,"159.Seed.1993.","","",NA,"Mud Cove; ","ME","No","experimental; observational","6; NA","1990; NA","4; NA","159","Seed","1993","","Yes","","not mentioned; "
320,1,250,1,1.1,1,"adult","Mytilus edulis",250,250.1,1,"adult","Cyanobacteriaceae",-1,"No",1,"herbivory","4","inferred by D Morton","DNM","based off feeding on benthic diatoms. Can be suspended by wave action and consumed by filter feeders",NA,NA,"775.Fiera.1999.10.3354/meps187301; 159.Seed.1993.","","",NA,"","France; ME","No; ","observational",NA,NA,NA,"775; 159","Fiera; Seed","1999; 1993","10.3354/meps187301; ","No; Yes","11/6/2021 13:21:30; 12/9/2021 0:20:04",""
169,2,169,2,2.1,1,"adult","Semibalanus balanoides",169,169.1,1,"adult","Detritus.drift.algae",-1,"No",1,"herbivory","6","inferred by D Morton","DNM","","","","https://www.duo.uio.no/bitstream/handle/10852/65727/MSc--Thesis-Jacquelyn-Marie-Diamond-.pdf?sequence=5&isAllowed=y","","","","","","","","","","","","","","","","",""
170,2,170,2,2.1,1,"adult","Semibalanus balanoides",170,170.1,1,"adult","Detritus.small.omnivorous.pom",-1,"No",1,"herbivory","6","inferred by D Morton","DNM","","","","https://www.duo.uio.no/bitstream/handle/10852/65727/MSc--Thesis-Jacquelyn-Marie-Diamond-.pdf?sequence=5&isAllowed=y","","","","","","","","","","","","","","","","",""
171,2,171,2,2.1,1,"adult","Semibalanus balanoides",171,171.1,1,"adult","Diatoms.benthic",-1,"No",1,"herbivory","6","inferred by D Morton","DNM","","","","https://www.duo.uio.no/bitstream/handle/10852/65727/MSc--Thesis-Jacquelyn-Marie-Diamond-.pdf?sequence=5&isAllowed=y","","","","","","","","","","","","","","","Y","",""
174,2,174,2,2.1,1,"adult","Semibalanus balanoides",174,174.1,1,"adult","Diatoms.planktonic",-1,"No",1,"herbivory","3","Paper.Database","JRR","second site at 43.63383N,69.85233W at 60m MLLW","43.79083","69.88867","698.Teegarden.2001.10.3354/meps218213","subtidal","","-10","Cundy's Harbor","ME","Yes","experimental","4","1998","14","698","Teegarden","2001","10.3354/meps218213","Yes","10/29/21 10:02","not mentioned"
176,2,176,2,2.1,1,"adult","Semibalanus balanoides",176,176.1,1,"adult","Microplankton, bacteria, protozoa, nanoplankton",-1,"No",1,"herbivory","6","inferred by D Morton","DNM","","","","https://www.duo.uio.no/bitstream/handle/10852/65727/MSc--Thesis-Jacquelyn-Marie-Diamond-.pdf?sequence=5&isAllowed=y","","","","","","","","","","","","","","","","",""
320,2,250,2,2.1,1,"adult","Semibalanus balanoides",250,250.1,1,"adult","Cyanobacteriaceae",-1,"No",1,"herbivory","3","Paper.Database","HL","","43.896417","69.572583","","estuary","","","Farmer's Island and Hodgson's Island","ME","no","observational","8","2015","1","975","Brown","2020","10.1186/s42523-020-00058-0","","",""
169,3,169,3,3.1,1,"adult","Modiolus modiolus",169,169.1,1,"adult","Detritus.drift.algae",-1,"No",1,"predation","6","inferred by D Morton","JRR","",NA,NA,"248.Lesser.1994.","","",NA,"","","","",NA,NA,NA,"248","Lesser","1994","","Yes","",""
170,3,170,3,3.1,1,"adult","Modiolus modiolus",170,170.1,1,"adult","Detritus.small.omnivorous.pom",-1,"No",1,"predation","3","Paper.Database","JRR","",NA,NA,"248.Lesser.1994.","","",NA,"","","","",NA,NA,NA,"248","Lesser","1994","","Yes","12/3/21 16:24",""
171,3,171,3,3.1,1,"adult","Modiolus modiolus",171,171.1,1,"adult","Diatoms.benthic",-1,"No",1,"predation","6","inferred by D Morton","JRR","",NA,NA,"248.Lesser.1994.","","",NA,"","","","",NA,NA,NA,"248","Lesser","1994","","Yes","",""
174,3,174,3,3.1,1,"adult","Modiolus modiolus",174,174.1,1,"adult","Diatoms.planktonic",-1,"No",1,"predation","6","inferred by D Morton","JRR","",NA,NA,"248.Lesser.1994.","","",NA,"","","","",NA,NA,NA,"248","Lesser","1994","","Yes","",""
176,3,176,3,3.1,1,"adult","Modiolus modiolus",176,176.1,1,"adult","Microplankton, bacteria, protozoa, nanoplankton",-1,"No",1,"predation","6","inferred by D Morton","JRR","",NA,NA,"248.Lesser.1994.","","",NA,"","","","",NA,NA,NA,"248","Lesser","1994","","Yes","",""
320,3,250,3,3.1,1,"adult","Modiolus modiolus",250,250.1,1,"adult","Cyanobacteriaceae",-1,"No",1,"predation","4","inferred by D Morton","DNM","based off feeding on benthic diatoms. Can be suspended by wave action and consumed by filter feeders",NA,NA,"248.Lesser.1994.","","",NA,"","","","",NA,NA,NA,"248","Lesser","1994","","Yes","",""
25,7,25,7,7.1,1,"adult","Littorina saxatilis",25,25.1,1,"adult","Elachista fucicola",-1,"No",1,"herbivory","11","Trophic.Relationships","DNM","Hosts eaten: Ascophyllum nodosum",NA,NA,"119.Dijkstra.2012.10.1111/j.1600-0706.2011.19712.x; 226.Dijkstra.2011.10.1111/j.1600-0706.2011.19712.x",NA,NA,NA,NA,NA,NA,NA,NA,NA,NA,NA,"Dijkstra","2012; 2011","10.1111/j.1600-0706.2011.19712.x",NA,NA,NA
29,7,29,7,7.1,1,"adult","Littorina saxatilis",29,29.1,1,"adult","Fucus vesiculosus",-1,"No",1,"herbivory","3","Paper.Database","SLF; BCE","",NA,NA,"119.Dijkstra.2012.10.1111/j.1600-0706.2011.19712.x; 226.Dijkstra.2011.10.1111/j.1600-0706.2011.19712.x","rocky intertidal; estuary","mid; ",NA,"Wells National Estuarine Research Reserve; Little River estuary Wells National Estuarine Research Reserve","ME","Yes; No","experimental","7; NA","2009; NA","1; NA","119; 226","Dijkstra","2012; 2011","10.1111/j.1600-0706.2011.19712.x","Yes","6/30/2021 13:55:53; 7/21/2021 14:14:02",""
32,7,32,7,7.1,1,"adult","Littorina saxatilis",32,32.1,1,"adult","Ascophyllum nodosum",-1,"No",1,"herbivory","3","Paper.Database","SLF; BCE","",NA,NA,"119.Dijkstra.2012.10.1111/j.1600-0706.2011.19712.x; 226.Dijkstra.2011.10.1111/j.1600-0706.2011.19712.x","rocky intertidal; estuary","mid; ",NA,"Wells National Estuarine Research Reserve; Little River estuary Wells National Estuarine Research Reserve","ME","Yes; No","experimental","7; NA","2009; NA","1; NA","119; 226","Dijkstra","2012; 2011","10.1111/j.1600-0706.2011.19712.x","Yes","6/30/2021 13:57:20; 7/21/2021 14:13:49",""
41,7,41,7,7.1,1,"adult","Littorina saxatilis",41,41.1,1,"adult","Ralfsia fungiformis",-1,"No",1,"predation","3","Globi","DNM",NA,"48.612273; 48.497686; 48.497256; 48.497064; 48.612274; 48.612437; 48.612117; 48.612572; 48.612159","-68.231071; -68.494574; -68.49521; -68.495416; -68.229777; -68.22975; -68.230525; -68.229489; -68.230736","Cattin Blandenier (2004); Brose, U. (2018). GlobAL daTabasE of traits and food Web Architecture (GATEWAy) version 1.0 [Data set]. German Centre for Integrative Biodiversity Research (iDiv) Halle-Jena-Leipzig. https://doi.org/10.25829/IDIV.283-3-756",NA,NA,NA,NA,NA,NA,NA,NA,NA,NA,NA,NA,NA,NA,NA,"6/29/22 14:00",NA
52,7,52,7,7.1,1,"adult","Littorina saxatilis",52,52.1,1,"adult","Ulva lactuca",-1,"No",1,"herbivory","3","Paper.Database","SLF","",NA,NA,"55.Hooks.2014.10.1016/j.jembe.2014.07.022","rocky intertidal","low",NA,"Long Island, NY","New York","No","experimental","6","2012",NA,"55","Hooks","2014","10.1016/j.jembe.2014.07.022","No","7/3/21 10:01",""
171,7,171,7,7.1,1,"adult","Littorina saxatilis",171,171.1,1,"adult","Diatoms.benthic",-1,"No",1,"herbivory","4","inferred by D Morton","DNM","",NA,NA,"119.Dijkstra.2012.10.1111/j.1600-0706.2011.19712.x; 226.Dijkstra.2011.10.1111/j.1600-0706.2011.19712.x","rocky intertidal; estuary","mid; ",NA,"Wells National Estuarine Research Reserve; Little River estuary Wells National Estuarine Research Reserve","ME","Yes; No","experimental","7; NA","2009; NA","1; NA","119; 226","Dijkstra","2012; 2011","10.1111/j.1600-0706.2011.19712.x","Yes","",""
320,7,250,7,7.1,1,"adult","Littorina saxatilis",250,250.1,1,"adult","Cyanobacteriaceae",-1,"No",1,"herbivory","3","Paper.Database","HL","","","","","rocky intertidal","","","","","","","","","","974","Stafford","2005","10.2307/25470696","","",""
25,8,25,8,8.1,1,"adult","Littorina littorea",25,25.1,1,"adult","Elachista fucicola",-1,"No",1,"herbivory","6; 11","Paper.Database; Trophic.Relationships","AAK; DNM","reference notes feeding on ""brown algae""; Hosts eaten: Ascophyllum nodosum",NA,NA,"354.Griffen.2007.; 9.Trussell.2017.10.1098/rspb.2016.2590; 119.Dijkstra.2012.10.1111/j.1600-0706.2011.19712.x; 58.Peckol.2017.10.1111/jpy.12507; 226.Dijkstra.2011.10.1111/j.1600-0706.2011.19712.x; 13.Putnam.2018.10.3354/meps12523","rocky intertidal; NA","; NA","-0.3; NA","Odiorne Point; NA","NH; NA","No; NA","experimental; NA",NA,"2005; NA",NA,"354; NA","Griffen; Trussell; Dijkstra; Peckol; Putnam","2007; 2017; 2012; 2011; 2018","; 10.1098/rspb.2016.2590; 10.1111/j.1600-0706.2011.19712.x; 10.1111/jpy.12507; 10.3354/meps12523","No; NA","12/2/21 15:12; NA","; NA"
29,8,29,8,8.1,1,"adult","Littorina littorea",29,29.1,1,"adult","Fucus vesiculosus",-1,"No; Yes",1,"herbivory","3","Paper.Database","ANW; SLF; DT; BCE; DHC","doesn't specify rocky intertidal only says ""rocky shores""; fucus vesiculosus fed to littorina littorea during experiment but was not what was being studied ; ; Under low wave energy littorina littorea is able to graze on Fucus vesiculosus","NA; 42.416667; 44.436028","NA; 70.916667; 68.28475","21.Barker.1990.10.1007/BF02114681; 40.Yun.2012.10.1007/s00227-012-1926-5; 91.Lubchenco.1978.10.2307/2937360; 119.Dijkstra.2012.10.1111/j.1600-0706.2011.19712.x; 332.Lubchenco.1980.10.2307/1935192; 58.Peckol.2017.10.1111/jpy.12507; 289.Long, Jeremy.2007.10.1890/06-1585; 226.Dijkstra.2011.10.1111/j.1600-0706.2011.19712.x; 170.Bryson.2014.","; rocky intertidal; estuary","; low; mid",NA,"Cranberry Cove; Biologische Anstalt Helgoland; Canoe Beach Cove; Wells National Estuarine Research Reserve;  Ft. Wetherill, Jamestown, RI; Mount Desert Island Biological Laboratory, Salisbury Cove; Little River estuary Wells National Estuarine Research Reserve; Penobscot","Nova Scotia; Germany; ME; MA; Rhode Island ","Yes; No","experimental; observational","5; 3; 9; 7; 4; NA","1987; 2006; 1974; 2009; NA; 2005","8; 2; NA; 1; 38","21; 40; 91; 119; 332; 58; 289; 226; 170","Barker; Yun; Lubchenco; Dijkstra; Peckol; Long, Jeremy; Bryson","1990; 2012; 1978; 1980; 2017; 2007; 2011; 2014","10.1007/BF02114681; 10.1007/s00227-012-1926-5; 10.2307/2937360; 10.1111/j.1600-0706.2011.19712.x; 10.2307/1935192; 10.1111/jpy.12507; 10.1890/06-1585; ","No; Yes","6/10/2021 14:01:05; 6/18/2021 10:56:07; 6/29/2021 13:13:35; 6/30/2021 13:58:46; 7/1/2021 15:53:51; 7/5/2021 8:26:00; 7/21/2021 5:50:00; 7/21/2021 14:14:10; 12/10/2021 13:13:43","; wave protected"
32,8,32,8,8.1,1,"adult","Littorina littorea",32,32.1,1,"adult","Ascophyllum nodosum",-1,"Yes; No",1,"herbivory","3","Paper.Database","ANW; SLF; BCE; JRR","; Second site at Ft. Wetherill State Park, Jamestown, Rhode Island, USA (41.478611, 71.362222), also intertidal","NA; 43.833056","NA; 69.514722","9.Trussell.2017.10.1098/rspb.2016.2590; 119.Dijkstra.2012.10.1111/j.1600-0706.2011.19712.x; 58.Peckol.2017.10.1111/jpy.12507; 226.Dijkstra.2011.10.1111/j.1600-0706.2011.19712.x; 13.Putnam.2018.10.3354/meps12523","rocky intertidal; estuary","; mid; high",NA,"University of Maine’s Darling Marine Center ; Wells National Estuarine Research Reserve;  Ft. Wetherill, Jamestown, RI; Little River estuary Wells National Estuarine Research Reserve; Pemaquid Point","ME; Rhode Island","Yes; No","experimental","6; 7; NA","2011; 2009; NA","2; 1; NA","9; 119; 58; 226; 13","Trussell; Dijkstra; Peckol; Putnam","2017; 2012; 2011; 2018","10.1098/rspb.2016.2590; 10.1111/j.1600-0706.2011.19712.x; 10.1111/jpy.12507; 10.3354/meps12523","Yes; No","6/4/2021 12:58:23; 6/30/2021 14:00:04; 7/5/2021 8:27:54; 7/21/2021 14:13:55; 9/24/2021 11:32:26","; not mentioned"
38,8,38,8,8.1,1,"adult","Littorina littorea",38,38.1,1,"adult","Mastocarpus stellatus",-1,"No",1,"herbivory","3","Paper.Database","ANW","experiment repeated october - november 2006","53.183333","7.883333","40.Yun.2012.10.1007/s00227-012-1926-5","rocky intertidal","high",NA,"Helgoland ","Germany","Yes","experimental","3","2006","2","40","Yun","2012","10.1007/s00227-012-1926-5","No","6/18/21 10:50",""
41,8,41,8,8.1,1,"adult","Littorina littorea",41,41.1,1,"adult","Ralfsia fungiformis",-1,"No",1,"predation; herbivory","3","Globi; Paper.Database","DNM; ANW; SLF","NA; ","48.497064; 48.612572; 48.612273; 48.497256; 48.612437; NA","-68.495416; -68.229489; -68.231071; -68.49521; -68.22975; NA","Cattin Blandenier (2004); Brose, U. (2018). GlobAL daTabasE of traits and food Web Architecture (GATEWAy) version 1.0 [Data set]. German Centre for Integrative Biodiversity Research (iDiv) Halle-Jena-Leipzig. https://doi.org/10.25829/IDIV.283-3-756; 6.Morello.2017.10.1016/j.jembe.2017.06.005; 85.Bertness.1983.10.1016/0022-0981(93)90070-5","NA; rocky intertidal","NA; mid","NA; 1","NA; Cape Ann; Haffenreffer Preserve of Brown University","NA; MA; Rhode Island","NA; No","NA; experimental","NA; 7; 4","NA; 2011; 1982","NA; 28; 0.25","NA; 6; 85","NA; Morello; Bertness","NA; 2017; 1983","NA; 10.1016/j.jembe.2017.06.005; 10.1016/0022-0981(93)90070-5","NA; No","6/29/22 14:00; 6/4/2021 12:02:09; 6/30/2021 12:14:42","NA; "
47,8,47,8,8.1,1,"adult","Littorina littorea",47,47.1,1,"adult","Hildenbrandia rubra",-1,"No",1,"herbivory","3","Paper.Database","SLF","",NA,NA,"85.Bertness.1983.10.1016/0022-0981(93)90070-5","rocky intertidal","mid",NA,"Haffenreffer Preserve of Brown University","Rhode Island","No","experimental","4","1982","0.25","85","Bertness","1983","10.1016/0022-0981(93)90070-5","No","6/30/21 12:17",""
52,8,52,8,8.1,1,"adult","Littorina littorea",52,52.1,1,"adult","Ulva lactuca",-1,"No; Yes",1,"predation; herbivory","3","Globi; Paper.Database","DNM; SLF; ANW; DT; LM","NA; ; Everything that I didn't know was entered as 0 or ""unknown""","51.5; 50.358082; NA; 42.418611; 42.416667; 44.166667; 42.424261; 0","-9.3; -4.12809; NA; 70.906111; 80.916667; 68.016667; 70.914489; 0","Cattin Blandenier (2004); Brose, U. (2018). GlobAL daTabasE of traits and food Web Architecture (GATEWAy) version 1.0 [Data set]. German Centre for Integrative Biodiversity Research (iDiv) Halle-Jena-Leipzig. https://doi.org/10.25829/IDIV.283-3-756; 91.Lubchenco.1978.10.2307/2937360; 63.bracken.2014.10.1890/13-2094.1; 85.Bertness.1983.10.1016/0022-0981(93)90070-5; 331.Lubchenco.1983.10.2307/1937822; 58.Peckol.2017.10.1111/jpy.12507; 276.Dolecal, Renee.2013.10.1016/j.jembe.2012.12.009; 13.Putnam.2018.10.3354/meps12523","NA; rocky intertidal","NA; low; mid; ","NA; 1; 0","NA; ; East Point; Canoe Beach Cove; Grindstone Neck; Ft. Wetherill, Jamestown, RI; Nahant; Bristol, ME","NA; ME; MA; Rhode Island","NA; Yes; No; ","NA; observational; experimental","NA; 6; 4; 8; 5","NA; 1975; 2009; 1982; 1974; 2007; 2018","NA; 5; 0.5; 12; 1; 3; 0","NA; 91; 63; 85; 331; 58; 276; 13","NA; Lubchenco; bracken; Bertness; Peckol; Dolecal, Renee; Putnam","NA; 1978; 2014; 1983; 2017; 2013; 2018","NA; 10.2307/2937360; 10.1890/13-2094.1; 10.1016/0022-0981(93)90070-5; 10.2307/1937822; 10.1111/jpy.12507; 10.1016/j.jembe.2012.12.009; 10.3354/meps12523","NA; Yes; No","6/29/22 14:00; 6/29/2021 12:53:04; 6/29/2021 15:17:18; 6/30/2021 12:26:01; 7/1/2021 14:38:27; 7/1/2021 14:42:10; 7/5/2021 8:22:25; 7/8/2021 10:53:59; 2/24/2022 14:56:27","NA; ; Unknown"
320,8,250,8,8.1,1,"adult","Littorina littorea",250,250.1,1,"adult","Cyanobacteriaceae",-1,"No",1,"herbivory","10","Paper.Database","HL","","","","","rocky intertidal","","","","","","","","","","974","Stafford","2005","10.2307/25470696","","",""
1,20,1,20,20.1,1,"adult","Tautogolabrus adspersus",1,1.1,1,"adult","Mytilus edulis",-1,"No; Yes",1,"predation","3","Paper.Database","ANW; SLF; BCE; SKM","","NA; 43.833333","NA; 69.516667","6.Morello.2017.10.1016/j.jembe.2017.06.005; 115.Ojeda.1991.10.1016/0022-0981(91)90114-C; 130.Ojeda.1987.; 259.Newell.1989.none listed; 328.Witman.2003.10.1890/01-4073; 208.Chao.1973.","rocky intertidal; subtidal","mid; ; high","1; NA","Cape Ann; Pemaquid Point; pemaquid point; ; Cape Elizabeth ME, and Cape Ann MA","MA; ME; Unspecific location, but did mention Maine","No; Yes","experimental; observational","7; 6; 9; NA; 5","2011; 1985; 1986; NA; 1995; 1970","28; 16; 0.033; NA; 24; 17","6; 115; 130; 259; 328; 208","Morello; Ojeda; Newell; Witman; Chao","2017; 1991; 1987; 1989; 2003; 1973","10.1016/j.jembe.2017.06.005; 10.1016/0022-0981(91)90114-C; ; none listed; 10.1890/01-4073","No; Yes","6/4/2021 12:07:32; 7/13/2021 17:39:24; 7/19/2021 12:54:48; 7/24/2021 13:07:16; 7/28/2021 12:20:44; 8/6/2021 9:25:22","; not mentioned"
2,20,2,20,20.1,1,"adult","Tautogolabrus adspersus",2,2.1,1,"adult","Semibalanus balanoides",-1,"Yes; No",1,"predation","3","Paper.Database","SLF; SKM","",NA,NA,"130.Ojeda.1986.; 208.Chao.1973.","rocky intertidal","high; ",NA,"pemaquid point; East Point, Nahant","ME; MA","Yes","experimental; observational","9; 5","1986; 1970","0.033; 17","130; 208","Ojeda; Chao","1986; 1973","","Yes; No","7/19/2021 13:01:43; 8/6/2021 9:58:33","; not mentioned"
3,20,3,20,20.1,1,"adult","Tautogolabrus adspersus",3,3.1,1,"adult","Modiolus modiolus",-1,"No",1,"predation","3","Paper.Database","SKM","",NA,NA,"208.Chao.1973.","rocky intertidal","",NA,"East Point, Nahant","MA","Yes","observational","5","1970","17","208","Chao","1973","","No","8/6/21 9:29","not mentioned"
8,20,8,20,20.1,1,"adult","Tautogolabrus adspersus",8,8.1,1,"adult","Littorina littorea",-1,"No",1,"predation","3","Paper.Database","LVM","All unknown entered as a ""0""","0","0","103.Perez.2008.10.1016/j.jembe.2008.09.019","rocky intertidal","high","4","Appledore Island","NH","No","observational","7","2002","4","103","Perez","2008","10.1016/j.jembe.2008.09.019","No","3/1/22 12:36","wave intermediate"
66,20,66,20,20.1,1,"adult","Tautogolabrus adspersus",66,66.1,1,"adult","Homarus americanus",-1,"No",1,"predation","3","Paper.Database","JRR; LM","No information on where species were collected; ; In Gulf of St Lawrence",NA,NA,"595.Barshaw.1988.; 597.Lavalli.1986.; 800.Hanson.1999.10.1577/1548-8659(2000)129<0013:EOACPO>2.0.CO;2; 804.Boudreau Stephanie.2012.; 687.Hudon.1989.","; subtidal; rocky intertidal","; low",NA,"; Chaleur Bay","MA; New Brunswick; ME; ","Yes; No; ","experimental; observational; ","6; 7; NA","1986; 1985; 1996; NA","4; 2; NA","595; 597; 800; 804; 687","Barshaw; Lavalli; Hanson; Boudreau Stephanie; Hudon","1988; 1986; 1999; 2012; 1989","; 10.1577/1548-8659(2000)129<0013:EOACPO>2.0.CO;2","No; Yes","10/14/2021 13:38:38; 10/14/2021 13:48:51; 11/8/2021 13:38:36; 11/10/2021 18:21:51; 10/27/21 11:50","; not mentioned"
89,20,89,20,20.1,1,"adult","Tautogolabrus adspersus",89,89.1,1,"adult","Ampithoe rubricata",-1,"No",1,"predation","4","inferred by D Morton","DNM",NA,"38.22824355","-99.26389019","Bowman, R.E., C.E. Stillwell, W.L. Michaels and M.D. Grosslein. 2000. Food of northwest Atlantic fishes and two common species of squid. NOAA Tech. Memo. NMFS-NE 155, 138 p.; Froese, R. and D. Pauly. Editors. 2018. FishBase. World Wide Web electronic publication. www.fishbase.org, version (10/2018).",NA,NA,NA,NA,NA,NA,NA,NA,NA,NA,NA,NA,NA,NA,NA,"6/29/22 14:00",NA
90,20,90,20,20.1,1,"adult","Tautogolabrus adspersus",90,90.1,1,"adult","Apohyale prevostii",-1,"No",1,"predation","4","inferred by D Morton","DNM",NA,"38.22824355","-99.26389019","Bowman, R.E., C.E. Stillwell, W.L. Michaels and M.D. Grosslein. 2000. Food of northwest Atlantic fishes and two common species of squid. NOAA Tech. Memo. NMFS-NE 155, 138 p.; Froese, R. and D. Pauly. Editors. 2018. FishBase. World Wide Web electronic publication. www.fishbase.org, version (10/2018).",NA,NA,NA,NA,NA,NA,NA,NA,NA,NA,NA,NA,NA,NA,NA,"6/29/22 14:00",NA
91,20,91,20,20.1,1,"adult","Tautogolabrus adspersus",91,91.1,1,"adult","Echinogammarus obtusatus",-1,"No",1,"predation","4","inferred by D Morton","DNM",NA,"38.22824355","-99.26389019","Bowman, R.E., C.E. Stillwell, W.L. Michaels and M.D. Grosslein. 2000. Food of northwest Atlantic fishes and two common species of squid. NOAA Tech. Memo. NMFS-NE 155, 138 p.; Froese, R. and D. Pauly. Editors. 2018. FishBase. World Wide Web electronic publication. www.fishbase.org, version (10/2018).",NA,NA,NA,NA,NA,NA,NA,NA,NA,NA,NA,NA,NA,NA,NA,"6/29/22 14:00",NA
92,20,92,20,20.1,1,"adult","Tautogolabrus adspersus",92,92.1,1,"adult","Gammarellus angulosus",-1,"No",1,"predation","4","inferred by D Morton","DNM",NA,"38.22824355","-99.26389019","Bowman, R.E., C.E. Stillwell, W.L. Michaels and M.D. Grosslein. 2000. Food of northwest Atlantic fishes and two common species of squid. NOAA Tech. Memo. NMFS-NE 155, 138 p.; Froese, R. and D. Pauly. Editors. 2018. FishBase. World Wide Web electronic publication. www.fishbase.org, version (10/2018).",NA,NA,NA,NA,NA,NA,NA,NA,NA,NA,NA,NA,NA,NA,NA,"6/29/22 14:00",NA
93,20,93,20,20.1,1,"adult","Tautogolabrus adspersus",93,93.1,1,"adult","Gammarus oceanicus",-1,"No",1,"predation","4","inferred by D Morton","DNM",NA,"38.22824355","-99.26389019","Bowman, R.E., C.E. Stillwell, W.L. Michaels and M.D. Grosslein. 2000. Food of northwest Atlantic fishes and two common species of squid. NOAA Tech. Memo. NMFS-NE 155, 138 p.; Froese, R. and D. Pauly. Editors. 2018. FishBase. World Wide Web electronic publication. www.fishbase.org, version (10/2018).",NA,NA,NA,NA,NA,NA,NA,NA,NA,NA,NA,NA,NA,NA,NA,"6/29/22 14:00",NA
115,20,115,20,20.1,1,"adult","Tautogolabrus adspersus",115,115.1,1,"adult","Echinogammarus finmarchicus ",-1,"No",1,"predation","4","inferred by D Morton","DNM",NA,"38.22824355","-99.26389019","Bowman, R.E., C.E. Stillwell, W.L. Michaels and M.D. Grosslein. 2000. Food of northwest Atlantic fishes and two common species of squid. NOAA Tech. Memo. NMFS-NE 155, 138 p.; Froese, R. and D. Pauly. Editors. 2018. FishBase. World Wide Web electronic publication. www.fishbase.org, version (10/2018).",NA,NA,NA,NA,NA,NA,NA,NA,NA,NA,NA,NA,NA,NA,NA,"6/29/22 14:00",NA
1,21,1,21,21.1,1,"adult","Larus marinus",1,1.1,1,"adult","Mytilus edulis",-1,"No",1,"predation","3","Paper.Database","ANW","","42.966667","70.616667","112.Rome.2004.10.1675/1524-4695(2004)027[0200:FEAIBH]2.0.CO;2","rocky intertidal","",NA,"Shoals Marine Lab","ME","No","observational","6","2001","3","112","Rome","2004","10.1675/1524-4695(2004)027[0200:FEAIBH]2.0.CO;2","Yes","7/10/21 10:57",""
22,21,22,21,21.1,1,"adult","Larus marinus",22,22.1,1,"adult","Larus argentatus",-1,"Yes",1,"predation","3","Paper.Database","DT","There are other interactions with species not listed on the species checklist","44.983333","66.7","446.Gilliland, S.G..2004.10.1139/z04-124","","",NA,"Wolves Archipelago","ME","No","observational","5","1988","12","446","Gilliland, S.G.","2004","10.1139/z04-124","Yes","8/3/21 12:59","not mentioned"
66,21,66,21,21.1,1,"adult","Larus marinus",66,66.1,1,"adult","Homarus americanus",-1,"Yes; No",1,"predation","4","inferred by D Morton","DNM","","42.966667; 43.05; 44.58; NA","70.616667; 70.716667; 66.75; NA","106.Ellis.2007.10.1890/06-0593; 96.Good.1992.10.1016/0022-0981(92)90167-9; 113.Ellis.2005.10.1016/j.jembe.2005.04.001; 112.Rome.2004.10.1675/1524-4695(2004)027[0200:FEAIBH]2.0.CO;2; 445.Steenweg, Rolanda.2011.10.1525/cond.2011.110004; 107.Ellis.2012.10.1016/j.jembe.2012.02.014; 353.O'Keefe.2004.","rocky intertidal; subtidal; ","low; ; high",NA,"Appledore Island; Portsmouth; Shoals Marine Laboratory, Appledore Island; Shoals Marine Lab; Kent Island in the Grand Manan archipelago of the lower Bay of Fundy; Isles of Sholes","ME; NH; New Brunswick","No","experimental; observational","7; NA; 6; 5","2004; 1990; 2000; 2001; 2009; NA","1; 3; 36; 2; NA","106; 96; 113; 112; 445; 107; 353","Ellis; Good; Rome; Steenweg, Rolanda; O'Keefe","2007; 1992; 2005; 2004; 2011; 2012","10.1890/06-0593; 10.1016/0022-0981(92)90167-9; 10.1016/j.jembe.2005.04.001; 10.1675/1524-4695(2004)027[0200:FEAIBH]2.0.CO;2; 10.1525/cond.2011.110004; 10.1016/j.jembe.2012.02.014; ","Yes; No","6/10/2021 7:13:55; 7/7/2021 11:43:01; 7/7/2021 11:45:30; 7/9/2021 9:44:19; 7/10/2021 10:35:32; 8/3/2021 15:34:04; 9/24/2021 11:58:08; 12/2/2021 15:23:45","; not mentioned; wave exposed and protected sites"
71,21,71,21,21.1,1,"adult","Larus marinus",71,71.1,1,"adult","Calidris maritima",-1,"Yes",1,"predation","6","inferred by D Morton","DNM","","44.983333","66.7","446.Gilliland, S.G..2004.10.1139/z04-124","","",NA,"Wolves Archipelago","ME","No","observational","5","1988","12","446","Gilliland, S.G.","2004","10.1139/z04-124","Yes","8/3/21 12:59","not mentioned"
72,21,72,21,21.1,1,"adult","Larus marinus",72,72.1,1,"adult","Somateria mollissima",-1,"No; Yes",1,"predation","3; 6","Globi; Paper.Database; inferred by D Morton","DNM; AAK; DNM","NA; gull predation on juvenile/eggs of eider duck; also mentioned in Wikipedia page for species","NA; 42.98695928; 50.21216667; 43.516667; 44.983333","NA; -70.61488314; -64.192; -70.316667; 66.7","https://datadryad.org/stash/downloads/file_stream/375180; Maiorano, L., Montemaggiori, A., Ficetola, G.F., O’Connor, L. & Thuiller, W. (2020), Data from: Tetra-EU 1.0: a species-level trophic meta-web of European tetrapods, Dryad, Dataset, https://doi.org/10.5061/dryad.jm63xsj7b; beck. 2021. Larus marinus interaction->preyed on Somateria mollissima. iNaturalist.org. Accessed at <https://www.inaturalist.org/observations/86280581> on 25 Jun 2022.; http://iNaturalist.org is a place where you can record what you see in nature, meet other nature lovers, and learn about the natural world.; Paul Tavares. 2019. Larus marinus interaction->preyed on Somateria mollissima. iNaturalist.org. Accessed at <https://www.inaturalist.org/observations/28363661> on 25 Jun 2022.; http://iNaturalist.org is a place where you can record what you see in nature, meet other nature lovers, and learn about the natural world.; 439.Donehower.2006.; 446.Gilliland, S.G..2004.10.1139/z04-124","NA; ; ","NA; ; ",NA,"NA; Stratton Island; Wolves Archipelago","NA; ME; ME","NA; No; No","NA; observational; observational","NA; 5; 5","NA; 2004; 1988","NA; 4; 12","NA; 439; 446","NA; Donehower; Gilliland, S.G.","NA; 2006; 2004","NA; ; 10.1139/z04-124","NA; Yes; Yes","6/29/22 14:00; 12/2/2021 12:23:36; 8/3/21 12:59","NA; not mentioned; not mentioned"
117,21,117,21,21.1,1,"adult","Larus marinus",117,117.1,1,"adult","Phalacrocorax auritus",-1,"Yes",1,"predation","6","inferred by D Morton","DNM","also mentioned in Wikipedia page for species","44.983333","66.7","446.Gilliland, S.G..2004.10.1139/z04-124","","",NA,"Wolves Archipelago","ME","No","observational","5","1988","12","446","Gilliland, S.G.","2004","10.1139/z04-124","Yes","8/3/21 12:59","not mentioned"
167,21,167,21,21.1,1,"adult","Larus marinus",167,167.1,1,"adult","Detritus.carrion",-1,"Yes; No",1,"predation","3","in literature","DNM","","","","https://www.allaboutbirds.org/guide/Great_Black-backed_Gull/lifehistory","","","","","","","","","","","","","","","","",""
1,22,1,22,22.1,1,"adult","Larus argentatus",1,1.1,1,"adult","Mytilus edulis",-1,"No",1,"predation","3","Paper.Database","ANW","","42.966667","70.616667","112.Rome.2004.10.1675/1524-4695(2004)027[0200:FEAIBH]2.0.CO;2","rocky intertidal","",NA,"Shoals Marine Lab","ME","No","observational","6","2001","3","112","Rome","2004","10.1675/1524-4695(2004)027[0200:FEAIBH]2.0.CO;2","Yes","7/10/21 11:06",""
3,22,3,22,22.1,1,"adult","Larus argentatus",3,3.1,1,"adult","Modiolus modiolus",-1,"No",1,"predation","4","inferred by D Morton","DNM","","42.966667","70.616667","112.Rome.2004.10.1675/1524-4695(2004)027[0200:FEAIBH]2.0.CO;2","rocky intertidal","",NA,"Shoals Marine Lab","ME","No","observational","6","2001","3","112","Rome","2004","10.1675/1524-4695(2004)027[0200:FEAIBH]2.0.CO;2","Yes","7/10/21 11:06",""
71,22,71,22,22.1,1,"adult","Larus argentatus",71,71.1,1,"adult","Calidris maritima",-1,"No",1,"predation","3","Globi","DNM",NA,NA,NA,"https://datadryad.org/stash/downloads/file_stream/375180; Maiorano, L., Montemaggiori, A., Ficetola, G.F., O’Connor, L. & Thuiller, W. (2020), Data from: Tetra-EU 1.0: a species-level trophic meta-web of European tetrapods, Dryad, Dataset, https://doi.org/10.5061/dryad.jm63xsj7b",NA,NA,NA,NA,NA,NA,NA,NA,NA,NA,NA,NA,NA,NA,NA,"6/29/22 14:00",NA
72,22,72,22,22.1,1,"adult","Larus argentatus",72,72.1,1,"adult","Somateria mollissima",-1,"No",1,"predation","3","Paper.Database","AAK","Herring gull predation on eider eggs, not sure if we're including life stages?",NA,NA,"677.Allen.2008.","","",NA,"","","","",NA,NA,NA,"677","Allen","2008","","Yes","10/25/21 9:34",""
167,22,167,22,22.1,1,"adult","Larus argentatus",167,167.1,1,"adult","Detritus.carrion",-1,"No",1,"predation","3","in literature","DNM","","","","https://www.allaboutbirds.org/guide/Herring_gull/id","rocky intertidal; ","","","","","No","","","","","","","","","","",""
167,24,167,24,24.1,1,"adult","Anurida maritima",167,167.1,1,"adult","Detritus.carrion",-1,"No",1,"predation; detritivory","3; 6","Paper.Database; inferred by A Keyes","AAK; JRR; NA","study isn't actually about trophic interactions but mentions that it eats dead animals ""It
has a catholic diet of dead animals (Imms 1906) and is considered by Dexter (1943) to be one of the most important scavengers of the intertidal zone. "" <- can't find these papers but added to database; consumed the carcasses of Littorina sp.; dead bodies of molluscs were eaten; NA",NA,NA,"880.Foster.1981.10.1007/BF00348049; 879.Joosse.1966.10.1007/BF00407599; ","; NA","; NA",NA,"; NA","; NA","; NA","; NA",NA,NA,NA,"880; 879; NA","Foster; Joosse; NA","1981; 1966; NA","10.1007/BF00348049; 10.1007/BF00407599; NA","No; NA","11/30/21 16:46; 11/29/21 13:11; 11/29/21 13:13; NA","; NA"
170,24,170,24,24.1,1,"adult","Anurida maritima",170,170.1,1,"adult","Detritus.small.omnivorous.pom",-1,"No",1,"detritivory","6","inferred by A Keyes",NA,NA,NA,NA,"",NA,NA,NA,NA,NA,NA,NA,NA,NA,NA,NA,NA,NA,NA,NA,NA,NA
1,66,1,66,66.1,1,"adult","Homarus americanus",1,1.1,1,"adult","Mytilus edulis",-1,"No",1,"predation","3","Globi; Paper.Database","DNM; JRR; DHC","NA; ; Study focuses on competition between Carcinus maenas and Homarus
americanus, over mytilus edilus ; Gut contents of American lobster from Nova Scotia found to contain blue mussel ","57.48562488; 42.416667; NA","-105.2526868; 70.9; NA","Elner, R.W. and A.C. Campbell. 1987. Natural diets of lobster <i>Homarus americanus</i> from barren ground and macroalgal habitats off southwestern Nova Scotia, Canada. Mar. Ecol. Prog. Ser. 37:131-140.; Palomares, M.L.D. and D. Pauly. Editors. 2018. SeaLifeBase. World Wide Web electronic publication. www.sealifebase.org, version (10/2018).; 581.Sebens.1985.; 600.Williams.2010.10.1080/00288330909509979; 159.Seed.1993.","NA; subtidal; ","NA; ","NA; -6; 3","NA; East Point, Nahant, Mass; ; McNutts Island ","NA; NH; Nova Scotia","NA; No; Yes; ","NA; observational; experimental","NA; 7; 8","NA; 2005; 1979",NA,"NA; 581; 600; 159","NA; Sebens; Williams; Seed","NA; 1985; 2010; 1993","NA; ; 10.1080/00288330909509979","NA; No","6/29/22 14:00; 10/4/2021 13:42:54; 10/15/2021 10:49:19; 12/10/2021 10:43:47","NA; wave exposed; ; wave intermediate"
2,66,2,66,66.1,1,"adult","Homarus americanus",2,2.1,1,"adult","Semibalanus balanoides",-1,"No",1,"predation","3","Paper.Database","JRR","In Gulf of St Lawrence",NA,NA,"687.Hudon.1989.","","",NA,"","","","",NA,NA,NA,"687","Hudon","1989","","No","10/27/21 11:50",""
3,66,3,66,66.1,1,"adult","Homarus americanus",3,3.1,1,"adult","Modiolus modiolus",-1,"No",1,"predation","3","Globi; Paper.Database","DNM; JRR; DHC","NA; In Gulf of St Lawrence; American lobster from Nova Scotia gut contents found to contain horse mussel ","57.48562488; NA","-105.2526868; NA","Elner, R.W. and A.C. Campbell. 1987. Natural diets of lobster <i>Homarus americanus</i> from barren ground and macroalgal habitats off southwestern Nova Scotia, Canada. Mar. Ecol. Prog. Ser. 37:131-140.; Palomares, M.L.D. and D. Pauly. Editors. 2018. SeaLifeBase. World Wide Web electronic publication. www.sealifebase.org, version (10/2018).; 687.Hudon.1989.; 159.Seed.1993.","NA; subtidal; ","NA; ","NA; 3","NA; Iles de la Madeleine; McNutts Island ","NA; Quebec; Nova Scotia","NA; No; Yes","NA; observational","NA; 5; 8","NA; 1885; 1979","NA; 3","NA; 687; 159","NA; Hudon; Seed","NA; 1989; 1993","NA; ","NA; No","6/29/22 14:00; 10/27/2021 11:31:29; 12/10/2021 10:46:26","NA; not mentioned; wave intermediate"
7,66,7,66,66.1,1,"adult","Homarus americanus",7,7.1,1,"adult","Littorina saxatilis",-1,"No",1,"predation","6","Paper.database","EEP","literature review",NA,NA,"570.Mercaldo-Allen.1994.","",NA,NA,"","","","",NA,NA,NA,"570","Mercaldo-Allen","1994","","Yes","1/7/22 11:37",""
8,66,8,66,66.1,1,"adult","Homarus americanus",8,8.1,1,"adult","Littorina littorea",-1,"No",1,"predation","6","Paper.database","EEP","literature review",NA,NA,"570.Mercaldo-Allen.1994.","",NA,NA,"","","","",NA,NA,NA,"570","Mercaldo-Allen","1994","","Yes","1/7/22 11:37",""
66,66,66,66,66.1,1,"adult","Homarus americanus",66,66.1,1,"adult","Homarus americanus",-1,"No",1,"predation","3","Globi; Paper.Database","DNM; JRR","NA; In Gulf of St Lawrence","57.48562488; NA","-105.2526868; NA","Elner, R.W. and A.C. Campbell. 1987. Natural diets of lobster <i>Homarus americanus</i> from barren ground and macroalgal habitats off southwestern Nova Scotia, Canada. Mar. Ecol. Prog. Ser. 37:131-140.; Palomares, M.L.D. and D. Pauly. Editors. 2018. SeaLifeBase. World Wide Web electronic publication. www.sealifebase.org, version (10/2018).; 687.Hudon.1989.","NA; ","NA; ",NA,"NA; ","NA; ","NA; ","NA; ",NA,NA,NA,"NA; 687","NA; Hudon","NA; 1989","NA; ","NA; No","6/29/22 14:00; 10/27/21 11:50","NA; "
89,66,89,66,66.1,1,"adult","Homarus americanus",89,89.1,1,"adult","Ampithoe rubricata",-1,"No",1,"predation","3","Globi","DNM",NA,"57.48562488","-105.2526868","Elner, R.W. and A.C. Campbell. 1987. Natural diets of lobster <i>Homarus americanus</i> from barren ground and macroalgal habitats off southwestern Nova Scotia, Canada. Mar. Ecol. Prog. Ser. 37:131-140.; Palomares, M.L.D. and D. Pauly. Editors. 2018. SeaLifeBase. World Wide Web electronic publication. www.sealifebase.org, version (10/2018).",NA,NA,NA,NA,NA,NA,NA,NA,NA,NA,NA,NA,NA,NA,NA,"6/29/22 14:00",NA
167,66,167,66,66.1,1,"adult","Homarus americanus",167,167.1,1,"adult","Detritus.carrion",-1,"No",1,"predation","3","Paper.Database; Paper.database","JRR; EEP","In Gulf of St Lawrence; literature review",NA,NA,"687.Hudon.1989.; 570.Mercaldo-Allen.1994.","; rocky intertidal","; NA",NA,"","","","",NA,NA,NA,"687; 570","Hudon; Mercaldo-Allen","1989; 1994","","No; Yes","10/27/21 11:50; 1/7/22 11:41",""
169,66,169,66,66.1,1,"adult","Homarus americanus",169,169.1,1,"adult","Detritus.drift.algae",-1,"No",1,"predation","3","Paper.Database; Paper.database","JRR; EEP","In Gulf of St Lawrence; literature review",NA,NA,"687.Hudon.1989.; 570.Mercaldo-Allen.1994.","; rocky intertidal","; NA",NA,"","","","",NA,NA,NA,"687; 570","Hudon; Mercaldo-Allen","1989; 1994","","No; Yes","10/27/21 11:50; 1/7/22 11:41",""
175,66,175,66,66.1,1,"adult","Homarus americanus",175,175.1,1,"adult","Foraminifera",-1,"No",1,"predation","3","Paper.Database","JRR","In Gulf of St Lawrance",NA,NA,"687.Hudon.1989.","subtidal","",NA,"Iles de la Madeleine","Quebec","No","observational","5","1985","3","687","Hudon","1989","","No","10/27/21 10:57","not mentioned"
1,70,1,70,70.1,1,"adult","Neovison vison",1,1.1,1,"adult","Mytilus edulis",-1,"No",1,"predation","3","Paper.Database; inferred by A Keyes","JRR; NA","C. maenus collected from several locations in NH, Mytilus edulis collected from ""two relatively exposed locations in Maine""; NA",NA,NA,"495.DeGraff.2004.10.1656/1092-6194(2004)011[0163:COTFRO]2.0.CO;2; ","; NA","; NA",NA,"; NA","ME and NH; NA","Yes; NA","experimental; NA",NA,NA,NA,"495; NA","DeGraff; NA","2004; NA","10.1656/1092-6194(2004)011[0163:COTFRO]2.0.CO;2; NA","No; NA","9/17/2021 9:41:46; NA","; NA"
3,70,3,70,70.1,1,"adult","Neovison vison",3,3.1,1,"adult","Modiolus modiolus",-1,"No",1,"predation","6","inferred by A Keyes",NA,NA,NA,NA,"",NA,NA,NA,NA,NA,NA,NA,NA,NA,NA,NA,NA,NA,NA,NA,NA,NA
22,70,22,70,70.1,1,"adult","Neovison vison",22,22.1,1,"adult","Larus argentatus",-1,"No",1,"predation","4","inferred by D Morton","DNM","cited study not in GOM but shows the types of prey items that mink take in coastal marine habitats","","","https://doi.org/10.1016/j.mambio.2012.11.007","rocky intertidal","","","Tierra del Fuego","","No","observational","","","","","Valenzuela","2013","10.1016/j.mambio.2012.11.007","no","",""
71,70,71,70,70.1,1,"adult","Neovison vison",71,71.1,1,"adult","Calidris maritima",-1,"No",1,"predation","4","inferred by D Morton","DNM","cited study not in GOM but shows the types of prey items that mink take in coastal marine habitats","","","https://doi.org/10.1016/j.mambio.2012.11.007","rocky intertidal","","","Tierra del Fuego","","No","observational","","","","","Valenzuela","2013","10.1016/j.mambio.2012.11.007","no","",""
72,70,72,70,70.1,1,"adult","Neovison vison",72,72.1,1,"adult","Somateria mollissima",-1,"No",1,"predation","4","inferred by D Morton","DNM","cited study not in GOM but shows the types of prey items that mink take in coastal marine habitats","","","https://doi.org/10.1016/j.mambio.2012.11.007","rocky intertidal","","","Tierra del Fuego","","No","observational","","","","","Valenzuela","2013","10.1016/j.mambio.2012.11.007","no","",""
1,71,1,71,71.1,1,"adult","Calidris maritima",1,1.1,1,"adult","Mytilus edulis",-1,"No; Yes",1,"predation","3","Globi; Paper.Database","DNM; JRR; EEP","NA; Outside of study area; Interaction strength is the relative importance of the prey species; bird carcasses collected in winter 2013","57.48562488; NA; 54.183333","-105.2526868; NA; 7.883333","Mallory, M.L., M. F. Elderkin, N.C. Spencer, T.A. Betsch, A.C. Russell and P.L. Mills. 2016. Diet of <i>Calidris maritima</i> (Purple Sandpiper) during the Winter in Nova Scotia, Canada. Northeastern Naturalist 23(2):205-210.; Palomares, M.L.D. and D. Pauly. Editors. 2018. SeaLifeBase. World Wide Web electronic publication. www.sealifebase.org, version (10/2018).; 657.Summers.2009.10.1080/00063659009477056; 838.Dierschke.2009.10.1016/0077-7579(93)90050-3; 841.Mallory.2016.","NA; ; rocky intertidal","NA; ",NA,"NA; ; Helgoland; Acadia University, Wolfville","NA; Scotland; Netherlands; Nova Scotia","NA; No; Yes","NA; observational","NA; 10","NA; 1990; 2013","NA; 7","NA; 657; 838; 841","NA; Summers; Dierschke; Mallory","NA; 2009; 2016","NA; 10.1080/00063659009477056; 10.1016/0077-7579(93)90050-3; ","NA; No","6/29/22 14:00; 10/22/2021 9:56:31; 11/19/2021 9:59:45; 11/19/2021 10:25:45","NA; not mentioned; "
2,71,2,71,71.1,1,"adult","Calidris maritima",2,2.1,1,"adult","Semibalanus balanoides",-1,"No; Yes",1,"predation","3","Globi; Paper.Database","DNM; JRR","NA; interaction strength is the relative importance of the prey species","56.530392; 54.183333","-4.064436; 7.883333","Summers, R.W., S. Smith, M. Nicoll and N.K. Atkinson. 1990. Tidal and sexual differences in the diet of purple sandpipers <i>Calidris maritima</i> in Scotland. Bird Study 37(3):187-194.; Palomares, M.L.D. and D. Pauly. Editors. 2018. SeaLifeBase. World Wide Web electronic publication. www.sealifebase.org, version (10/2018).; 838.Dierschke.2009.10.1016/0077-7579(93)90050-3","NA; rocky intertidal","NA; ",NA,"NA; Helgoland","NA; Netherlands","NA; No","NA; observational","NA; 10","NA; 1990","NA; 7","NA; 838","NA; Dierschke","NA; 2009","NA; 10.1016/0077-7579(93)90050-3","NA; No","6/29/22 14:00; 11/19/2021 10:28:45","NA; not mentioned"
3,71,3,71,71.1,1,"adult","Calidris maritima",3,3.1,1,"adult","Modiolus modiolus",-1,"No; Yes",1,"predation","6","inferred by D Morton","DNM","","57.48562488; NA; 54.183333","-105.2526868; NA; 7.883333","Mallory, M.L., M. F. Elderkin, N.C. Spencer, T.A. Betsch, A.C. Russell and P.L. Mills. 2016. Diet of <i>Calidris maritima</i> (Purple Sandpiper) during the Winter in Nova Scotia, Canada. Northeastern Naturalist 23(2):205-210.; Palomares, M.L.D. and D. Pauly. Editors. 2018. SeaLifeBase. World Wide Web electronic publication. www.sealifebase.org, version (10/2018).; 657.Summers.2009.10.1080/00063659009477056; 838.Dierschke.2009.10.1016/0077-7579(93)90050-3; 841.Mallory.2016.","NA; ; rocky intertidal","NA; ",NA,"NA; ; Helgoland; Acadia University, Wolfville","NA; Scotland; Netherlands; Nova Scotia","NA; No; Yes","NA; observational","NA; 10","NA; 1990; 2013","NA; 7","NA; 657; 838; 841","NA; Summers; Dierschke; Mallory","NA; 2009; 2016","NA; 10.1080/00063659009477056; 10.1016/0077-7579(93)90050-3; ","NA; No","6/29/22 14:00; 10/22/2021 9:56:31; 11/19/2021 9:59:45; 11/19/2021 10:25:45","NA; not mentioned; "
7,71,7,71,71.1,1,"adult","Calidris maritima",7,7.1,1,"adult","Littorina saxatilis",-1,"No; Yes",1,"predation; herbivory","3","Globi; Paper.Database","DNM; JRR; EEP","NA; Outside of study area; interaction strength is the relative importance of the prey species; ","57.48562488; 56.530392; NA; 54.183333","-105.2526868; -4.064436; NA; 7.883333","Mallory, M.L., M. F. Elderkin, N.C. Spencer, T.A. Betsch, A.C. Russell and P.L. Mills. 2016. Diet of <i>Calidris maritima</i> (Purple Sandpiper) during the Winter in Nova Scotia, Canada. Northeastern Naturalist 23(2):205-210.; Palomares, M.L.D. and D. Pauly. Editors. 2018. SeaLifeBase. World Wide Web electronic publication. www.sealifebase.org, version (10/2018).; Summers, R.W., S. Smith, M. Nicoll and N.K. Atkinson. 1990. Tidal and sexual differences in the diet of purple sandpipers <i>Calidris maritima</i> in Scotland. Bird Study 37(3):187-194.; Palomares, M.L.D. and D. Pauly. Editors. 2018. SeaLifeBase. World Wide Web electronic publication. www.sealifebase.org, version (10/2018).; 657.Summers.2009.10.1080/00063659009477056; 838.Dierschke.2009.10.1016/0077-7579(93)90050-3; 841.Mallory.2016.","NA; ; rocky intertidal","NA; ",NA,"NA; ; Helgoland; Acadia University, Wolfville","NA; Scotland; Netherlands; Nova Scotia","NA; No; Yes","NA; observational","NA; 10","NA; 1990; 2013","NA; 7","NA; 657; 838; 841","NA; Summers; Dierschke; Mallory","NA; 2009; 2016","NA; 10.1080/00063659009477056; 10.1016/0077-7579(93)90050-3; ","NA; No","6/29/22 14:00; 10/22/2021 10:14:57; 11/19/2021 10:04:07; 11/19/2021 10:31:03","NA; not mentioned; "
8,71,8,71,71.1,1,"adult","Calidris maritima",8,8.1,1,"adult","Littorina littorea",-1,"No; Yes",1,"predation; herbivory","3","Globi; Paper.Database","DNM; JRR; EEP","NA; Outside of study area; Interaction strength is the relative importance of the prey species; ","57.48562488; NA; 54.183333","-105.2526868; NA; 7.883333","Mallory, M.L., M. F. Elderkin, N.C. Spencer, T.A. Betsch, A.C. Russell and P.L. Mills. 2016. Diet of <i>Calidris maritima</i> (Purple Sandpiper) during the Winter in Nova Scotia, Canada. Northeastern Naturalist 23(2):205-210.; Palomares, M.L.D. and D. Pauly. Editors. 2018. SeaLifeBase. World Wide Web electronic publication. www.sealifebase.org, version (10/2018).; 657.Summers.2009.10.1080/00063659009477056; 838.Dierschke .1990.10.1016/0077-7579(93)90050-3; 841.Mallory.2016.","NA; ; rocky intertidal","NA; ",NA,"NA; ; Helgoland; o Acadia University, Wolfville","NA; Scotland; Netherlands; Nova Scotia","NA; No; Yes","NA; observational","NA; 10","NA; 1990; 2013","NA; 7","NA; 657; 838; 841","NA; Summers; Dierschke ; Mallory","NA; 2009; 1990; 2016","NA; 10.1080/00063659009477056; 10.1016/0077-7579(93)90050-3; ","NA; No","6/29/22 14:00; 10/22/2021 9:58:56; 11/19/2021 10:06:29; 11/19/2021 10:27:31","NA; not mentioned; "
24,71,24,71,71.1,1,"adult","Calidris maritima",24,24.1,1,"adult","Anurida maritima",-1,"No",1,"predation","3","Globi","DNM",NA,NA,NA,"V.S. Summerhayes. (1928). North-East Land and Hinlopen Strait. Journal of Ecology. 16(2), pp. 201-212.; Global Web Database (http://globalwebdb.com): an online collection of food webs. Accessed via https://www.globalwebdb.com/Service/DownloadArchive on 2017-10-12.",NA,NA,NA,NA,NA,NA,NA,NA,NA,NA,NA,NA,NA,NA,NA,"6/29/22 14:00",NA
52,71,52,71,71.1,1,"adult","Calidris maritima",52,52.1,1,"adult","Ulva lactuca",-1,"No",1,"herbivory","6","Paper.Database","JRR","interaction strength is the relative importance of the prey species",NA,NA,"838.Dierschke.2009.10.1016/0077-7579(93)90050-3","","",NA,"","","","",NA,NA,NA,"838","Dierschke","2009","10.1016/0077-7579(93)90050-3","No","11/19/21 10:36",""
90,71,90,71,71.1,1,"adult","Calidris maritima",90,90.1,1,"adult","Apohyale prevostii",-1,"Yes",1,"predation","3","Paper.Database","JRR","interaction strength is the relative importance of the prey species","54.183333","7.883333","838.Dierschke .2009.10.1016/0077-7579(93)90050-3","rocky intertidal","",NA,"Helgoland","Netherlands","No","observational","10","1990","7","838","Dierschke ","2009","10.1016/0077-7579(93)90050-3","No","11/19/21 10:25","not mentioned"
91,71,91,71,71.1,1,"adult","Calidris maritima",91,91.1,1,"adult","Echinogammarus obtusatus",-1,"No",1,"predation","6","Paper.Database","JRR","Outside of study area",NA,NA,"657.Summers.2009.10.1080/00063659009477056","","",NA,"","","","",NA,NA,NA,"657","Summers","2009","10.1080/00063659009477056","No","10/22/21 10:26",""
92,71,92,71,71.1,1,"adult","Calidris maritima",92,92.1,1,"adult","Gammarellus angulosus",-1,"No",1,"predation","6","Paper.Database","JRR","Outside of study area",NA,NA,"657.Summers.2009.10.1080/00063659009477056","","",NA,"","","","",NA,NA,NA,"657","Summers","2009","10.1080/00063659009477056","No","10/22/21 10:26",""
93,71,93,71,71.1,1,"adult","Calidris maritima",93,93.1,1,"adult","Gammarus oceanicus",-1,"No",1,"predation","6","Paper.Database","JRR","Outside of study area",NA,NA,"657.Summers.2009.10.1080/00063659009477056","","",NA,"","","","",NA,NA,NA,"657","Summers","2009","10.1080/00063659009477056","No","10/22/21 10:26",""
115,71,115,71,71.1,1,"adult","Calidris maritima",115,115.1,1,"adult","Echinogammarus finmarchicus ",-1,"No",1,"predation","6","Paper.Database","JRR","Outside of study area",NA,NA,"657.Summers.2009.10.1080/00063659009477056","","",NA,"","","","",NA,NA,NA,"657","Summers","2009","10.1080/00063659009477056","No","10/22/21 10:26",""
1,72,1,72,72.1,1,"adult","Somateria mollissima",1,1.1,1,"adult","Mytilus edulis",-1,"No",1,"predation","3","Globi; Paper.Database","DNM; AAK; DHC","NA; ; outside of study area; juvenile bird diet; Gut contents from eider duck ","54.97; 57.33845; NA; 50.666667; 45.066667","8.5; -2.001119; NA; 63.116667; 67.033333","NA; David W. Thieltges, Karsten Reise, Kim N. Mouritsen, John P. McLaughlin, and Robert Poulin. 2011. Food web including metazoan parasites for a tidal basin in Germany and Denmark. Ecology 92:2005. https://doi.org/10.1890/11-0351.1; Cattin Blandenier (2004); Brose, U. (2018). GlobAL daTabasE of traits and food Web Architecture (GATEWAy) version 1.0 [Data set]. German Centre for Integrative Biodiversity Research (iDiv) Halle-Jena-Leipzig. https://doi.org/10.25829/IDIV.283-3-756; Nehls, G. 1989. Occurrence and food consumption of the common eider, <i>Somateria mollissima</i>, in the Wadden Sea of Schleswig-Holstein. Helgolander Meeresunters. 43:385-393.; Palomares, M.L.D. and D. Pauly. Editors. 2018. SeaLifeBase. World Wide Web electronic publication. www.sealifebase.org, version (10/2018).; Cantin, M., J. Bedard, and H. Milne. 1974. The food and feeding of common eiders in the St. Lawrence estuary in summer. Canadian Journal of Zoology 52:319-334.; Allen Hurlbert. 2017. Avian Diet Database.; 676.Meattey.2014.10.1016/j.marpolbul.2014.07.015; 678.Courchesne.2008.; 679.Nystrom.2008.10.1093/auk/108.2.250; 681.Hilgerloh.2011.10.1080/00785236.2002.10409488; 682.Guillemette.1994.10.2307/4088822; 683.Hamilton.2003.10.1007/s00227-002-0935-1; 159.Seed.1993.","NA; ; rocky intertidal","NA; ; mid",NA,"NA; ; Skagerrak; Mingan Archipelago National Park; Indian Point; Penobscot Bay, ME","NA; ; Sweden; Germany; Quebec; New Brunswick; ME","NA; ; No","NA; ; observational","NA; 12; 6; 10","NA; 1985; 1994; 1964","NA; 10; 26; 4","NA; 676; 678; 679; 681; 682; 683; 159","NA; Meattey; Courchesne; Nystrom; Hilgerloh; Guillemette; Hamilton; Seed","NA; 2014; 2008; 2011; 1994; 2003; 1993","NA; 10.1016/j.marpolbul.2014.07.015; ; 10.1093/auk/108.2.250; 10.1080/00785236.2002.10409488; 10.2307/4088822; 10.1007/s00227-002-0935-1","NA; Yes; No","6/29/22 14:00; 10/25/2021 9:30:05; 10/25/2021 9:36:22; 10/25/2021 9:42:26; 10/25/2021 9:53:34; 10/25/2021 9:59:10; 10/25/2021 10:03:06; 12/9/2021 9:55:50","NA; not mentioned; "
2,72,2,72,72.1,1,"adult","Somateria mollissima",2,2.1,1,"adult","Semibalanus balanoides",-1,"No",1,"predation","3","Globi","DNM",NA,"54.97","8.5","NA; David W. Thieltges, Karsten Reise, Kim N. Mouritsen, John P. McLaughlin, and Robert Poulin. 2011. Food web including metazoan parasites for a tidal basin in Germany and Denmark. Ecology 92:2005. https://doi.org/10.1890/11-0351.1",NA,NA,NA,NA,NA,NA,NA,NA,NA,NA,NA,NA,NA,NA,NA,"6/29/22 14:00",NA
3,72,3,72,72.1,1,"adult","Somateria mollissima",3,3.1,1,"adult","Modiolus modiolus",-1,"No",1,"predation","3","Paper.Database","DHC","horse mussel found in stomach contents of eider duck",NA,NA,"159.Seed.1993.","","",NA,"","ME","No","observational","1",NA,"5","159","Seed","1993","","Yes","12/10/21 9:05",""
7,72,7,72,72.1,1,"adult","Somateria mollissima",7,7.1,1,"adult","Littorina saxatilis",-1,"No",1,"predation","3","Globi","DNM",NA,NA,NA,"Cantin, M., J. Bedard, and H. Milne. 1974. The food and feeding of common eiders in the St. Lawrence estuary in summer. Canadian Journal of Zoology 52:319-334.; Allen Hurlbert. 2017. Avian Diet Database.",NA,NA,NA,NA,NA,NA,NA,NA,NA,NA,NA,NA,NA,NA,NA,"6/29/22 14:00",NA
8,72,8,72,72.1,1,"adult","Somateria mollissima",8,8.1,1,"adult","Littorina littorea",-1,"No",1,"predation","3","Globi; Paper.Database","DNM; AAK","NA; outside of study area; juvenile bird diet","54.97; 57.33845; NA","8.5; -2.001119; NA","NA; David W. Thieltges, Karsten Reise, Kim N. Mouritsen, John P. McLaughlin, and Robert Poulin. 2011. Food web including metazoan parasites for a tidal basin in Germany and Denmark. Ecology 92:2005. https://doi.org/10.1890/11-0351.1; Cattin Blandenier (2004); Brose, U. (2018). GlobAL daTabasE of traits and food Web Architecture (GATEWAy) version 1.0 [Data set]. German Centre for Integrative Biodiversity Research (iDiv) Halle-Jena-Leipzig. https://doi.org/10.25829/IDIV.283-3-756; Nehls, G. 1989. Occurrence and food consumption of the common eider, <i>Somateria mollissima</i>, in the Wadden Sea of Schleswig-Holstein. Helgolander Meeresunters. 43:385-393.; Palomares, M.L.D. and D. Pauly. Editors. 2018. SeaLifeBase. World Wide Web electronic publication. www.sealifebase.org, version (10/2018).; 679.Nystrom.2008.10.1093/auk/108.2.250","NA; ","NA; ",NA,"NA; Skagerrak","NA; Sweden","NA; No","NA; observational",NA,NA,NA,"NA; 679","NA; Nystrom","NA; 2008","NA; 10.1093/auk/108.2.250","NA; No","6/29/22 14:00; 10/25/2021 9:43:55","NA; not mentioned"
91,72,91,72,72.1,1,"adult","Somateria mollissima",91,91.1,1,"adult","Echinogammarus obtusatus",-1,"No",1,"predation","6","Paper.Database","AAK","outside of study area; juvenile bird diet",NA,NA,"679.Nystrom.2008.10.1093/auk/108.2.250","","",NA,"Skagerrak","Sweden","No","observational",NA,NA,NA,"679","Nystrom","2008","10.1093/auk/108.2.250","No","10/25/21 9:45","not mentioned"
92,72,92,72,72.1,1,"adult","Somateria mollissima",92,92.1,1,"adult","Gammarellus angulosus",-1,"No",1,"predation","6","Paper.Database","AAK","outside of study area; juvenile bird diet",NA,NA,"679.Nystrom.2008.10.1093/auk/108.2.250","","",NA,"Skagerrak","Sweden","No","observational",NA,NA,NA,"679","Nystrom","2008","10.1093/auk/108.2.250","No","10/25/21 9:45","not mentioned"
93,72,93,72,72.1,1,"adult","Somateria mollissima",93,93.1,1,"adult","Gammarus oceanicus",-1,"No",1,"predation","6","Paper.Database","AAK","outside of study area; juvenile bird diet",NA,NA,"679.Nystrom.2008.10.1093/auk/108.2.250","","",NA,"Skagerrak","Sweden","No","observational",NA,NA,NA,"679","Nystrom","2008","10.1093/auk/108.2.250","No","10/25/21 9:45","not mentioned"
115,72,115,72,72.1,1,"adult","Somateria mollissima",115,115.1,1,"adult","Echinogammarus finmarchicus ",-1,"No",1,"predation","6","Paper.Database","AAK","outside of study area; juvenile bird diet",NA,NA,"679.Nystrom.2008.10.1093/auk/108.2.250","","",NA,"Skagerrak","Sweden","No","observational",NA,NA,NA,"679","Nystrom","2008","10.1093/auk/108.2.250","No","10/25/21 9:45","not mentioned"
25,89,25,89,89.1,1,"adult","Ampithoe rubricata",25,25.1,1,"adult","Elachista fucicola",-1,"No",1,"herbivory","6; 11","inferred by D Morton; Trophic.Relationships","DNM","; Hosts eaten: Ascophyllum nodosum",NA,NA,"488.McCarty.2008.","; NA","; NA",NA,"; NA","; NA","; NA","; NA",NA,NA,NA,"488; NA","McCarty","2008","","No; NA","; NA",NA
29,89,29,89,89.1,1,"adult","Ampithoe rubricata",29,29.1,1,"adult","Fucus vesiculosus",-1,"No",1,"herbivory","10","Paper.Database","JRR","",NA,NA,"488.McCarty.2008.","","",NA,"","","","",NA,NA,NA,"488","McCarty","2008","","No","",NA
32,89,32,89,89.1,1,"adult","Ampithoe rubricata",32,32.1,1,"adult","Ascophyllum nodosum",-1,"No",1,"herbivory","6","inferred by D Morton","DNM","",NA,NA,"488.McCarty.2008.","","",NA,"","","","",NA,NA,NA,"488","McCarty","2008","","No","",NA
169,89,169,89,89.1,1,"adult","Ampithoe rubricata",169,169.1,1,"adult","Detritus.drift.algae",-1,"No",1,"herbivory","6","inferred by D Morton","DNM","",NA,NA,"488.McCarty.2008.","","",NA,"","","","",NA,NA,NA,"488","McCarty","2008","","No","",NA
25,90,25,90,90.1,1,"adult","Apohyale prevostii",25,25.1,1,"adult","Elachista fucicola",-1,"No",1,"herbivory","6","inferred by D Morton","DNM","different species of Hyale used in study","38.283333","144.5","891.Poore.1994.","rocky intertidal","low",NA,"Barwon Heads","Australia","Yes","experimental",NA,NA,NA,"891","Poore","1994","","No","11/30/21 9:44","not mentioned"
52,90,52,90,90.1,1,"adult","Apohyale prevostii",52,52.1,1,"adult","Ulva lactuca",-1,"No",1,"predation; herbivory","3; 10","Globi; Paper.Database","DNM; AAK","NA; collected from low intertidal and subtidal","51.5; 38.283333","-9.3; 144.5","Cattin Blandenier (2004); Brose, U. (2018). GlobAL daTabasE of traits and food Web Architecture (GATEWAy) version 1.0 [Data set]. German Centre for Integrative Biodiversity Research (iDiv) Halle-Jena-Leipzig. https://doi.org/10.25829/IDIV.283-3-756; 891.Poore.1994.","NA; rocky intertidal","NA; low",NA,"NA; Barwon Heads","NA; Australia","NA; Yes","NA; experimental",NA,NA,NA,"NA; 891","NA; Poore","NA; 1994","NA; ","NA; No","6/29/22 14:00; 11/30/21 9:44","NA; not mentioned"
169,90,169,90,90.1,1,"adult","Apohyale prevostii",169,169.1,1,"adult","Detritus.drift.algae",-1,"No",1,"herbivory","4","inferred by D Morton","DNM","different species of Hyale used in study","38.283333","144.5","891.Poore.1994.","rocky intertidal","low",NA,"Barwon Heads","Australia","Yes","experimental",NA,NA,NA,"891","Poore","1994","","No","11/30/21 9:44","not mentioned"
24,91,24,91,91.1,1,"adult","Echinogammarus obtusatus",24,24.1,1,"adult","Anurida maritima",-1,"No",1,"predation","6","inferred by A Keyes",NA,NA,NA,NA,"",NA,NA,NA,NA,NA,NA,NA,NA,NA,NA,NA,NA,NA,NA,NA,NA,NA
29,91,29,91,91.1,1,"adult","Echinogammarus obtusatus",29,29.1,1,"adult","Fucus vesiculosus",-1,"No",1,"herbivory","3; 10","Paper.Database; inferred by D Morton","AAK; DNM","In a lab but taken from field; ",NA,NA,"620.Martin.1966.10.1111/j.1469-7998.1966.tb02965.x; 930.Parker.1993.","rocky intertidal","; high",NA,"Church Reef; Peggy's Cove","England; Nova Scotia","Yes; No","observational; experimental","NA; 10","NA; 1985","NA; 14","620; 930","Martin; Parker","1966; 1993","10.1111/j.1469-7998.1966.tb02965.x; ","No","10/21/21 10:49; 6/28/22 14:25","; wave exposed"
38,91,38,91,91.1,1,"adult","Echinogammarus obtusatus",38,38.1,1,"adult","Mastocarpus stellatus",-1,"No",1,"herbivory","3","Paper.Database","AAK","Different species, same genus. In a lab but taken from field",NA,NA,"620.Martin.1966.10.1111/j.1469-7998.1966.tb02965.x","rocky intertidal","",NA,"Church Reef","England","Yes","observational",NA,NA,NA,"620","Martin","1966","10.1111/j.1469-7998.1966.tb02965.x","No","10/21/21 10:50",""
47,91,47,91,91.1,1,"adult","Echinogammarus obtusatus",47,47.1,1,"adult","Hildenbrandia rubra",-1,"No",1,"herbivory","3","Paper.Database","AAK","In a lab but taken from field",NA,NA,"620.Martin.1966.10.1111/j.1469-7998.1966.tb02965.x","rocky intertidal","",NA,"Church Reef","England","Yes","observational",NA,NA,NA,"620","Martin","1966","10.1111/j.1469-7998.1966.tb02965.x","No","10/21/21 10:47",""
52,91,52,91,91.1,1,"adult","Echinogammarus obtusatus",52,52.1,1,"adult","Ulva lactuca",-1,"No",1,"herbivory","3","Paper.Database","AAK","In a lab but taken from field",NA,NA,"620.Martin.1966.10.1111/j.1469-7998.1966.tb02965.x","rocky intertidal","",NA,"Church Reef","England","Yes","observational",NA,NA,NA,"620","Martin","1966","10.1111/j.1469-7998.1966.tb02965.x","No","10/21/21 10:44",""
54,91,54,91,91.1,1,"adult","Echinogammarus obtusatus",54,54.1,1,"adult","Cladophora spp.",-1,"No",1,"herbivory","3","Paper.Database","AAK","In a lab but taken from field",NA,NA,"620.Martin.1966.10.1111/j.1469-7998.1966.tb02965.x","rocky intertidal","",NA,"Church Reef","England","Yes","observational",NA,NA,NA,"620","Martin","1966","10.1111/j.1469-7998.1966.tb02965.x","No","10/21/21 10:45",""
167,91,167,91,91.1,1,"adult","Echinogammarus obtusatus",167,167.1,1,"adult","Detritus.carrion",-1,"No",1,"herbivory","3","Paper.Database","AAK","In a lab but taken from field",NA,NA,"620.Martin.1966.10.1111/j.1469-7998.1966.tb02965.x","rocky intertidal","",NA,"Church Reef","England","Yes","observational",NA,NA,NA,"620","Martin","1966","10.1111/j.1469-7998.1966.tb02965.x","No","10/21/21 10:42",""
169,91,169,91,91.1,1,"adult","Echinogammarus obtusatus",169,169.1,1,"adult","Detritus.drift.algae",-1,"No",1,"herbivory","3","Paper.Database","DNM","In a lab but taken from field",NA,NA,"620.Martin.1966.10.1111/j.1469-7998.1966.tb02965.x","rocky intertidal","",NA,"Church Reef","England","Yes","observational",NA,NA,NA,"620","Martin","1966","10.1111/j.1469-7998.1966.tb02965.x","No","10/21/21 10:42",""
29,92,29,92,92.1,1,"adult","Gammarellus angulosus",29,29.1,1,"adult","Fucus vesiculosus",-1,"No",1,"predation","3","Globi","DNM",NA,"51.5","-9.3","Cattin Blandenier (2004); Brose, U. (2018). GlobAL daTabasE of traits and food Web Architecture (GATEWAy) version 1.0 [Data set]. German Centre for Integrative Biodiversity Research (iDiv) Halle-Jena-Leipzig. https://doi.org/10.25829/IDIV.283-3-756",NA,NA,NA,NA,NA,NA,NA,NA,NA,NA,NA,NA,NA,NA,NA,"6/29/22 14:00",NA
52,92,52,92,92.1,1,"adult","Gammarellus angulosus",52,52.1,1,"adult","Ulva lactuca",-1,"No",1,"predation","3","Globi","DNM",NA,"51.5","-9.3","Cattin Blandenier (2004); Brose, U. (2018). GlobAL daTabasE of traits and food Web Architecture (GATEWAy) version 1.0 [Data set]. German Centre for Integrative Biodiversity Research (iDiv) Halle-Jena-Leipzig. https://doi.org/10.25829/IDIV.283-3-756",NA,NA,NA,NA,NA,NA,NA,NA,NA,NA,NA,NA,NA,NA,NA,"6/29/22 14:00",NA
169,92,169,92,92.1,1,"adult","Gammarellus angulosus",169,169.1,1,"adult","Detritus.drift.algae",-1,"No",1,"herbivory","4","inferred by D Morton","DNM","In a lab but taken from field",NA,NA,"620.Martin.1966.10.1111/j.1469-7998.1966.tb02965.x","rocky intertidal","",NA,"Church Reef","England","Yes","observational",NA,NA,NA,"620","Martin","1966","10.1111/j.1469-7998.1966.tb02965.x","No","10/21/21 10:42",""
25,93,25,93,93.1,1,"adult","Gammarus oceanicus",25,25.1,1,"adult","Elachista fucicola",-1,"No",1,"herbivory","10","inferred by D Morton","DNM","in Baltic Sea","","","Jonne, K., Helen, OK., Tiina, P. et al. Seasonal Changes in situ Grazing of the Mesoherbivores Idotea baltica and Gammarus oceanicus on the Brown Algae Fucus vesiculosus and Pylaiella littoralis in the Central Gulf of Finland, Baltic Sea. Hydrobiologia 554, 117125 (2006). https://doi.org/10.1007/s10750-005-1011-x","subtidal","","","","","No","observational","","","","","Jonne","2006","10.1007/s10750-005-1011-x","","",""
29,93,29,93,93.1,1,"adult","Gammarus oceanicus",29,29.1,1,"adult","Fucus vesiculosus",-1,"No",1,"herbivory","3","in literature, added by D Morton","DNM","in Baltic Sea","","","Jonne, K., Helen, OK., Tiina, P. et al. Seasonal Changes in situ Grazing of the Mesoherbivores Idotea baltica and Gammarus oceanicus on the Brown Algae Fucus vesiculosus and Pylaiella littoralis in the Central Gulf of Finland, Baltic Sea. Hydrobiologia 554, 117125 (2006). https://doi.org/10.1007/s10750-005-1011-x","subtidal","","","","","No","observational","","","","","Jonne","2006","10.1007/s10750-005-1011-x","","",""
54,93,54,93,93.1,1,"adult","Gammarus oceanicus",54,54.1,1,"adult","Cladophora spp.",-1,"No",1,"herbivory","3","Paper.Database","AAK","",NA,NA,"751.Linderhorf.2019.","","",NA,"","","","",NA,NA,NA,"751","Linderhorf","2019","","No","11/4/21 10:29","not mentioned"
169,93,169,93,93.1,1,"adult","Gammarus oceanicus",169,169.1,1,"adult","Detritus.drift.algae",-1,"No",1,"herbivory","4","inferred by D Morton","DNM","in Baltic Sea","","","Jonne, K., Helen, OK., Tiina, P. et al. Seasonal Changes in situ Grazing of the Mesoherbivores Idotea baltica and Gammarus oceanicus on the Brown Algae Fucus vesiculosus and Pylaiella littoralis in the Central Gulf of Finland, Baltic Sea. Hydrobiologia 554, 117125 (2006). https://doi.org/10.1007/s10750-005-1011-x","subtidal","","","","","No","observational","","","","","Jonne","2006","10.1007/s10750-005-1011-x","","",""
29,115,29,115,115.1,1,"adult","Echinogammarus finmarchicus ",29,29.1,1,"adult","Fucus vesiculosus",-1,"No",1,"herbivory","3","Paper.Database","AAK","Different species, same genus. In a lab but taken from field",NA,NA,"620.Martin.1966.10.1111/j.1469-7998.1966.tb02965.x","rocky intertidal","",NA,"Church Reef","England","Yes","observational",NA,NA,NA,"620","Martin","1966","10.1111/j.1469-7998.1966.tb02965.x","No","10/21/21 10:58",""
38,115,38,115,115.1,1,"adult","Echinogammarus finmarchicus ",38,38.1,1,"adult","Mastocarpus stellatus",-1,"No",1,"herbivory","10","Paper.Database","AAK","Different species, same genus. In a lab but taken from field",NA,NA,"620.Martin.1966.10.1111/j.1469-7998.1966.tb02965.x","rocky intertidal","",NA,"Church Reef","England","Yes","observational",NA,NA,NA,"620","Martin","1966","10.1111/j.1469-7998.1966.tb02965.x","No","10/21/21 10:59",""
47,115,47,115,115.1,1,"adult","Echinogammarus finmarchicus ",47,47.1,1,"adult","Hildenbrandia rubra",-1,"No",1,"herbivory","10","Paper.Database","AAK","Different species, same genus. In a lab but taken from field",NA,NA,"620.Martin.1966.10.1111/j.1469-7998.1966.tb02965.x","rocky intertidal","",NA,"Church Reef","England","Yes","observational",NA,NA,NA,"620","Martin","1966","10.1111/j.1469-7998.1966.tb02965.x","No","10/21/21 10:56",""
52,115,52,115,115.1,1,"adult","Echinogammarus finmarchicus ",52,52.1,1,"adult","Ulva lactuca",-1,"No",1,"herbivory","10","Paper.Database","AAK","Different species, same genus. In a lab but taken from field",NA,NA,"620.Martin.1966.10.1111/j.1469-7998.1966.tb02965.x","rocky intertidal","",NA,"Church Reef","England","Yes","observational",NA,NA,NA,"620","Martin","1966","10.1111/j.1469-7998.1966.tb02965.x","No","10/21/21 10:51",""
54,115,54,115,115.1,1,"adult","Echinogammarus finmarchicus ",54,54.1,1,"adult","Cladophora spp.",-1,"No",1,"herbivory","10","Paper.Database","AAK","Different species, same genus. In a lab but taken from field",NA,NA,"620.Martin.1966.10.1111/j.1469-7998.1966.tb02965.x","rocky intertidal","",NA,"Church Reef","England","Yes","observational",NA,NA,NA,"620","Martin","1966","10.1111/j.1469-7998.1966.tb02965.x","No","10/21/21 10:53",""
167,115,167,115,115.1,1,"adult","Echinogammarus finmarchicus ",167,167.1,1,"adult","Detritus.carrion",-1,"No",1,"herbivory","10","Paper.Database","AAK","Different species, same genus",NA,NA,"620.Martin.1966.10.1111/j.1469-7998.1966.tb02965.x","rocky intertidal","",NA,"Church Reef","England","No","observational",NA,NA,NA,"620","Martin","1966","10.1111/j.1469-7998.1966.tb02965.x","No","10/21/21 10:41",""
169,115,169,115,115.1,1,"adult","Echinogammarus finmarchicus ",169,169.1,1,"adult","Detritus.drift.algae",-1,"No",1,"herbivory","3","Paper.Database","AAK","Different species, same genus",NA,NA,"620.Martin.1966.10.1111/j.1469-7998.1966.tb02965.x","rocky intertidal","",NA,"Church Reef","England","No","observational",NA,NA,NA,"620","Martin","1966","10.1111/j.1469-7998.1966.tb02965.x","No","10/21/21 10:41",""
1,117,1,117,117.1,1,"adult","Phalacrocorax auritus",1,1.1,1,"adult","Mytilus edulis",-1,"No",1,"predation","3","Globi","DNM",NA,NA,NA,"Blackwell, B. F., W. B. Krohn, N. R. Dube, and A. J. Godin. 1997. Spring prey use by double-crested cormorants on the Penobscot River, Maine, USA. Waterbird Soc. 20:77-86.; Allen Hurlbert. 2017. Avian Diet Database.",NA,NA,NA,NA,NA,NA,NA,NA,NA,NA,NA,NA,NA,NA,NA,"6/29/22 14:00",NA
7,117,7,117,117.1,1,"adult","Phalacrocorax auritus",7,7.1,1,"adult","Littorina saxatilis",-1,"No",1,"predation","3","Globi","DNM",NA,NA,NA,"Blackwell, B. F., W. B. Krohn, N. R. Dube, and A. J. Godin. 1997. Spring prey use by double-crested cormorants on the Penobscot River, Maine, USA. Waterbird Soc. 20:77-86.; Allen Hurlbert. 2017. Avian Diet Database.",NA,NA,NA,NA,NA,NA,NA,NA,NA,NA,NA,NA,NA,NA,NA,"6/29/22 14:00",NA
8,117,8,117,117.1,1,"adult","Phalacrocorax auritus",8,8.1,1,"adult","Littorina littorea",-1,"No",1,"predation","3","Globi","DNM",NA,NA,NA,"Blackwell, B. F., W. B. Krohn, N. R. Dube, and A. J. Godin. 1997. Spring prey use by double-crested cormorants on the Penobscot River, Maine, USA. Waterbird Soc. 20:77-86.; Allen Hurlbert. 2017. Avian Diet Database.",NA,NA,NA,NA,NA,NA,NA,NA,NA,NA,NA,NA,NA,NA,NA,"6/29/22 14:00",NA
20,117,20,117,117.1,1,"adult","Phalacrocorax auritus",20,20.1,1,"adult","Tautogolabrus adspersus",-1,"No",1,"predation","3","Globi; Paper.Database","DNM; JRR; AAK","NA; ","NA; 43","NA; 70.583333","Blackwell, B. F., W. B. Krohn, N. R. Dube, and A. J. Godin. 1997. Spring prey use by double-crested cormorants on the Penobscot River, Maine, USA. Waterbird Soc. 20:77-86.; Allen Hurlbert. 2017. Avian Diet Database.; Blackwell, B. F., W. B. Krohn, and R. B. Allen. 1995. Foods of nestling Double-crested Cormorants in Penobscot Bay, Maine, U.S.A.: temporal and spatial comparisons. Colon. Waterbirds 18(Spec. Publ. 1):199-208.; Allen Hurlbert. 2017. Avian Diet Database.; Pilon, C., J. Burton and R. McNeil. 1983. Summer food of the Great and Double-crested Cormorants on the Magdalen Islands, Quebec. Ca. J. Zool. 61:2733-2739.; Allen Hurlbert. 2017. Avian Diet Database.; Ross, R. K. 1974. A comparison of the feeding and nesting requirements of the Great Cormorant (Phalacrocorax carbo L.) and Double-Crested Cormorant (P. auritus Lesson) in Nova Scotia. Proc. N.S. Inst. Sci. 27:114-132.; Allen Hurlbert. 2017. Avian Diet Database.; 663.Blackwell.1995.; 664.Blackwell.1995.10.3354/meps123001; 670.Dunn.1975.10.2307/4084609","NA; ","NA; ",NA,"NA; Penobscot Bay; Penebscot; Duck Island","NA; ME; NH","NA; No","NA; observational","NA; 6; 7","NA; 1993; 1972","NA; 2","NA; 663; 664; 670","NA; Blackwell; Dunn","NA; 1995; 1975","NA; ; 10.3354/meps123001; 10.2307/4084609","NA; No; Yes","6/29/22 14:00; 10/22/2021 11:08:30; 10/22/2021 14:59:17; 10/25/2021 9:01:59","NA; not mentioned"
66,117,66,117,117.1,1,"adult","Phalacrocorax auritus",66,66.1,1,"adult","Homarus americanus",-1,"No",1,"predation","3","Globi","DNM",NA,NA,NA,"Blackwell, B. F., W. B. Krohn, and R. B. Allen. 1995. Foods of nestling Double-crested Cormorants in Penobscot Bay, Maine, U.S.A.: temporal and spatial comparisons. Colon. Waterbirds 18(Spec. Publ. 1):199-208.; Allen Hurlbert. 2017. Avian Diet Database.; Blackwell, B. F., W. B. Krohn, N. R. Dube, and A. J. Godin. 1997. Spring prey use by double-crested cormorants on the Penobscot River, Maine, USA. Waterbird Soc. 20:77-86.; Allen Hurlbert. 2017. Avian Diet Database.",NA,NA,NA,NA,NA,NA,NA,NA,NA,NA,NA,NA,NA,NA,NA,"6/29/22 14:00",NA
154,117,154,117,117.1,1,"adult","Phalacrocorax auritus",154,154.1,1,"adult","Myoxocephalus octodecemspinosus",-1,"No",1,"predation","3","Globi; Paper.Database","DNM; JRR","NA; ",NA,NA,"Ross, R. K. 1974. A comparison of the feeding and nesting requirements of the Great Cormorant (Phalacrocorax carbo L.) and Double-Crested Cormorant (P. auritus Lesson) in Nova Scotia. Proc. N.S. Inst. Sci. 27:114-132.; Allen Hurlbert. 2017. Avian Diet Database.; Pilon, C., J. Burton and R. McNeil. 1983. Summer food of the Great and Double-crested Cormorants on the Magdalen Islands, Quebec. Ca. J. Zool. 61:2733-2739.; Allen Hurlbert. 2017. Avian Diet Database.; 664.Blackwell.1995.10.3354/meps123001","NA; ","NA; ",NA,"NA; Penebscot Bay","NA; ME","NA; No","NA; observational","NA; 7","NA; 1993",NA,"NA; 664","NA; Blackwell","NA; 1995","NA; 10.3354/meps123001","NA; Yes","6/29/22 14:00; 10/22/2021 14:53:56","NA; not mentioned"
155,117,155,117,117.1,1,"adult","Phalacrocorax auritus",155,155.1,1,"adult","Myoxocephalus scorpius",-1,"No",1,"predation","3","Globi","DNM",NA,"NA; 57.09996667","NA; 16.56955","Ross, R. K. 1974. A comparison of the feeding and nesting requirements of the Great Cormorant (Phalacrocorax carbo L.) and Double-Crested Cormorant (P. auritus Lesson) in Nova Scotia. Proc. N.S. Inst. Sci. 27:114-132.; Allen Hurlbert. 2017. Avian Diet Database.; Bostrom, M. K., O. Ostman, M. A. J. Bergenius and S. Lunneryd. 2012. Comorant diet in relation to temporal changes in fish communities. ICES J. Mar. Sci. 69:175-183.; Allen Hurlbert. 2017. Avian Diet Database.",NA,NA,NA,NA,NA,NA,NA,NA,NA,NA,NA,NA,NA,NA,NA,"6/29/22 14:00",NA
156,117,156,117,117.1,1,"adult","Phalacrocorax auritus",156,156.2,2,"juvenile","Pollachius virens",-1,"No",1,"predation","3","Paper.Database","AAK","","43","70.583333","670.Dunn.1975.10.2307/4084609","","",NA,"Duck Island","NH","No","observational",NA,"1972",NA,"670","Dunn","1975","10.2307/4084609","No","10/25/21 9:02","not mentioned"
157,117,157,117,117.1,1,"adult","Phalacrocorax auritus",157,157.1,1,"adult","Tautoga onitis",-1,"No",1,"predation","3","Globi","DNM",NA,"39.75320879; 39.62117403","-74.1632282; -74.09518037","Zane Roskoph. 2020. Phalacrocorax auritus eating Tautoga onitis. iNaturalist.org. Accessed at <https://www.inaturalist.org/observations/64629616> on 25 Jun 2022.; http://iNaturalist.org is a place where you can record what you see in nature, meet other nature lovers, and learn about the natural world.; Zane Roskoph. 2020. Tautoga onitis eaten by Phalacrocorax auritus. iNaturalist.org. Accessed at <https://www.inaturalist.org/observations/64629674> on 25 Jun 2022.; http://iNaturalist.org is a place where you can record what you see in nature, meet other nature lovers, and learn about the natural world.",NA,NA,NA,NA,NA,NA,NA,NA,NA,NA,NA,NA,NA,NA,NA,"6/29/22 14:00",NA
160,117,160,117,117.1,1,"adult","Phalacrocorax auritus",160,160.1,1,"adult","Gasterosteus aculeatus",-1,"No",1,"predation","3","Globi","DNM",NA,"57.48562488; NA; 44.06666667; 44.1833333","-105.2526868; NA; -76.55; -76.5333333","Robertson, I. 1974. The food of nesting double-crested and pelagic cormorants at Mandarte Island, British Columbia, with notes on feeding ecology. Condor 76(3):346-348.; Palomares, M.L.D. and D. Pauly. Editors. 2018. SeaLifeBase. World Wide Web electronic publication. www.sealifebase.org, version (10/2018).; Robertson, I. 1974. The Food of Nesting Double-Crested and Pelagic Cormorants at Mandarte Island, British Columbia, with Notes on Feeding Ecology. Condor 76:346-348.; Allen Hurlbert. 2017. Avian Diet Database.; Johnson, J. H., R. M. Ross, R. D. McCullough and A. Mathers. 2010. Diet shift of double-crested cormorants in eastern Lake Ontario associated with the expansion of the invasive round goby. J. Great Lakes Res. 36:242-247.; Allen Hurlbert. 2017. Avian Diet Database.",NA,NA,NA,NA,NA,NA,NA,NA,NA,NA,NA,NA,NA,NA,NA,"6/29/22 14:00",NA
163,117,163,117,117.1,1,"adult","Phalacrocorax auritus",163,163.1,1,"adult","Myoxocephalus aenaeus",-1,"No",1,"predation","3","Globi; Paper.Database","DNM; JRR","NA; ",NA,NA,"Pilon, C., J. Burton and R. McNeil. 1983. Summer food of the Great and Double-crested Cormorants on the Magdalen Islands, Quebec. Ca. J. Zool. 61:2733-2739.; Allen Hurlbert. 2017. Avian Diet Database.; 664.Blackwell.1995.10.3354/meps123001","NA; ","NA; ",NA,"NA; Penebscot Bay","NA; ME","NA; No","NA; observational","NA; 7","NA; 1993","NA; 1","NA; 664","NA; Blackwell","NA; 1995","NA; 10.3354/meps123001","NA; Yes","6/29/22 14:00; 10/22/2021 14:51:45","NA; not mentioned"
20,154,20,154,154.1,1,"adult","Myoxocephalus octodecemspinosus",20,20.1,1,"adult","Tautogolabrus adspersus",-1,"No",1,"predation","3","Paper.Database","AAK","""The
nearshore bottom of St. Margaret's Bay can be divided
into 4 broad habitat types: rocky reef (characterized by
bedrock strewn with large granitic boulders), cobble
bottom, seagrass (Zostera marina) beds, and sand bottom. All h.abitat types were represented at each of the
3 sites"" depth is -1.5 to -2m",NA,NA,"793.Tupper.1997.10.3354/meps151225","rocky intertidal","mid","-1.5","St Margaret's Bay","Nova Scotia","","observational",NA,NA,NA,"793","Tupper","1997","10.3354/meps151225","No","11/8/21 9:55",""
66,154,66,154,154.1,1,"adult","Myoxocephalus octodecemspinosus",66,66.1,1,"adult","Homarus americanus",-1,"No",1,"predation","3","Paper.Database","LM; AAK","",NA,NA,"804.Bordeaux Stephanie.2012.; 421.Hanson.2014.10.1080/00028487.2014.931300","rocky intertidal; subtidal","","NA; -5","; Northumberland Strait ","ME; Nova Scotia","No","observational","NA; 7","NA; 1999","NA; 26","804; 421","Bordeaux Stephanie; Hanson","2012; 2014","; 10.1080/00028487.2014.931300","Yes; No","11/10/2021 18:41:34; 12/8/2021 11:19:23","; not mentioned"
89,154,89,154,154.1,1,"adult","Myoxocephalus octodecemspinosus",89,89.1,1,"adult","Ampithoe rubricata",-1,"No",1,"predation","6","Paper.Database","AAK","feeds on cancer crabs",NA,NA,"792.Smith.2010.","","",NA,"","","","",NA,NA,NA,"792","Smith","2010","","Yes","11/8/21 9:48",""
90,154,90,154,154.1,1,"adult","Myoxocephalus octodecemspinosus",90,90.1,1,"adult","Apohyale prevostii",-1,"No",1,"predation","6","Paper.Database","AAK","feeds on cancer crabs",NA,NA,"792.Smith.2010.","","",NA,"","","","",NA,NA,NA,"792","Smith","2010","","Yes","11/8/21 9:48",""
91,154,91,154,154.1,1,"adult","Myoxocephalus octodecemspinosus",91,91.1,1,"adult","Echinogammarus obtusatus",-1,"No",1,"predation","6","Paper.Database","AAK","feeds on cancer crabs",NA,NA,"792.Smith.2010.","","",NA,"","","","",NA,NA,NA,"792","Smith","2010","","Yes","11/8/21 9:48",""
92,154,92,154,154.1,1,"adult","Myoxocephalus octodecemspinosus",92,92.1,1,"adult","Gammarellus angulosus",-1,"No",1,"predation","6","Paper.Database","AAK","feeds on cancer crabs",NA,NA,"792.Smith.2010.","","",NA,"","","","",NA,NA,NA,"792","Smith","2010","","Yes","11/8/21 9:48",""
93,154,93,154,154.1,1,"adult","Myoxocephalus octodecemspinosus",93,93.1,1,"adult","Gammarus oceanicus",-1,"No",1,"predation","6","Paper.Database","AAK","feeds on cancer crabs",NA,NA,"792.Smith.2010.","","",NA,"","","","",NA,NA,NA,"792","Smith","2010","","Yes","11/8/21 9:48",""
115,154,115,154,154.1,1,"adult","Myoxocephalus octodecemspinosus",115,115.1,1,"adult","Echinogammarus finmarchicus ",-1,"No",1,"predation","6","Paper.Database","AAK","feeds on cancer crabs",NA,NA,"792.Smith.2010.","","",NA,"","","","",NA,NA,NA,"792","Smith","2010","","Yes","11/8/21 9:48",""
154,154,154,154,154.1,1,"adult","Myoxocephalus octodecemspinosus",154,154.1,1,"adult","Myoxocephalus octodecemspinosus",-1,"No",1,"predation; NA","3","Globi","DNM",NA,"38.22824355; NA","-99.26389019; NA","Bowman, R.E., C.E. Stillwell, W.L. Michaels and M.D. Grosslein. 2000. Food of northwest Atlantic fishes and two common species of squid. NOAA Tech. Memo. NMFS-NE 155, 138 p.; Froese, R. and D. Pauly. Editors. 2018. FishBase. World Wide Web electronic publication. www.fishbase.org, version (10/2018).; associations_all_revised.txt; A. Thessen. 2014. Species associations extracted from EOL text data objects via text mining.",NA,NA,NA,NA,NA,NA,NA,NA,NA,NA,NA,NA,NA,NA,NA,"6/29/22 14:00",NA
2,155,2,155,155.1,1,"adult","Myoxocephalus scorpius",2,2.1,1,"adult","Semibalanus balanoides",-1,"No",1,"predation","3","Globi","DNM",NA,"57.33845","-2.001119","Cattin Blandenier (2004); Brose, U. (2018). GlobAL daTabasE of traits and food Web Architecture (GATEWAy) version 1.0 [Data set]. German Centre for Integrative Biodiversity Research (iDiv) Halle-Jena-Leipzig. https://doi.org/10.25829/IDIV.283-3-756",NA,NA,NA,NA,NA,NA,NA,NA,NA,NA,NA,NA,NA,NA,NA,"6/29/22 14:00",NA
66,155,66,155,155.1,1,"adult","Myoxocephalus scorpius",66,66.1,1,"adult","Homarus americanus",-1,"No",1,"predation","3","Paper.Database","JRR; AAK","",NA,NA,"800.Hanson.1999.10.1577/1548-8659(2000)129<0013:EOACPO>2.0.CO;2; 421.Hanson.2014.10.1080/00028487.2014.931300","subtidal","","NA; -5","Chaleur Bay; Northumberland Strait ","New Brunswick; Nova Scotia","No","observational","6; 7","1996; 1999","4; 26","800; 421","Hanson","1999; 2014","10.1577/1548-8659(2000)129<0013:EOACPO>2.0.CO;2; 10.1080/00028487.2014.931300","No","11/8/2021 13:35:45; 12/8/2021 11:21:43","not mentioned"
89,155,89,155,155.1,1,"adult","Myoxocephalus scorpius",89,89.1,1,"adult","Ampithoe rubricata",-1,"No",1,"predation","6","Paper.Database","JRR","",NA,NA,"805.Ennis.1969.","","",NA,"","","","",NA,NA,NA,"805","Ennis","1969","","No","11/13/21 10:36",""
90,155,90,155,155.1,1,"adult","Myoxocephalus scorpius",90,90.1,1,"adult","Apohyale prevostii",-1,"No",1,"predation","6","Paper.Database","JRR","",NA,NA,"805.Ennis.1969.","","",NA,"","","","",NA,NA,NA,"805","Ennis","1969","","No","11/13/21 10:36",""
91,155,91,155,155.1,1,"adult","Myoxocephalus scorpius",91,91.1,1,"adult","Echinogammarus obtusatus",-1,"No",1,"predation","6","Paper.Database","JRR","",NA,NA,"805.Ennis.1969.","","",NA,"","","","",NA,NA,NA,"805","Ennis","1969","","No","11/13/21 10:36",""
92,155,92,155,155.1,1,"adult","Myoxocephalus scorpius",92,92.1,1,"adult","Gammarellus angulosus",-1,"No",1,"predation","6","Paper.Database","JRR","",NA,NA,"805.Ennis.1969.","","",NA,"","","","",NA,NA,NA,"805","Ennis","1969","","No","11/13/21 10:36",""
93,155,93,155,155.1,1,"adult","Myoxocephalus scorpius",93,93.1,1,"adult","Gammarus oceanicus",-1,"No",1,"predation","6","Paper.Database","JRR","",NA,NA,"805.Ennis.1969.","","",NA,"","","","",NA,NA,NA,"805","Ennis","1969","","No","11/13/21 10:36",""
115,155,115,155,155.1,1,"adult","Myoxocephalus scorpius",115,115.1,1,"adult","Echinogammarus finmarchicus ",-1,"No",1,"predation","6","Paper.Database","JRR","",NA,NA,"805.Ennis.1969.","","",NA,"","","","",NA,NA,NA,"805","Ennis","1969","","No","11/13/21 10:36",""
154,155,154,155,155.1,1,"adult","Myoxocephalus scorpius",154,154.1,1,"adult","Myoxocephalus octodecemspinosus",-1,"No",1,"predation","6","inferred by D Morton","DNM","",NA,NA,"805.Ennis.1969.","subtidal","",NA,"Bay Bulls","Newfoundland","No","observational",NA,"1965",NA,"805","Ennis","1969","","No","11/13/21 10:53",""
155,155,155,155,155.1,1,"adult","Myoxocephalus scorpius",155,155.1,1,"adult","Myoxocephalus scorpius",-1,"No",1,"predation; NA","3","Globi; Paper.Database","DNM; JRR","NA; ",NA,NA,"Hartley, P. H. T. (1940). The Saltash tuck-net fishery and the ecology of some estuarine fishes. Journal of the Marine Biological Association of the United Kingdom, 24(1), 1-68.; Olivier, Pierre et al. (2019), Exploring the temporal variability of a food web using long‐term biomonitoring data, Wiley, Article-journal, https://doi.org/10.1111/ecog.04461; associations_all_revised.txt; A. Thessen. 2014. Species associations extracted from EOL text data objects via text mining.; 805.Ennis.1969.","NA; subtidal","NA; ",NA,"NA; Bay Bulls","NA; Newfoundland","NA; No","NA; observational",NA,"NA; 1965",NA,"NA; 805","NA; Ennis","NA; 1969","NA; ","NA; No","6/29/22 14:00; 11/13/2021 10:51:32","NA; "
160,155,160,155,155.1,1,"adult","Myoxocephalus scorpius",160,160.1,1,"adult","Gasterosteus aculeatus",-1,"No",1,"predation","3","Globi","DNM",NA,"62.8608971","16.0019268","Cardinale, M. 2000. Ontogenetic diet shifts of bull-rout, <i>Myxocephalus scorpius</i> (L.), in the south-western Baltic Sea. J. Appl. Ichthyol. 16:231-239.; Froese, R. and D. Pauly. Editors. 2018. FishBase. World Wide Web electronic publication. www.fishbase.org, version (10/2018).",NA,NA,NA,NA,NA,NA,NA,NA,NA,NA,NA,NA,NA,NA,NA,"6/29/22 14:00",NA
163,155,163,155,155.1,1,"adult","Myoxocephalus scorpius",163,163.1,1,"adult","Myoxocephalus aenaeus",-1,"No",1,"predation","3","Paper.Database","JRR","",NA,NA,"805.Ennis.1969.","subtidal","",NA,"Bay Bulls","Newfoundland","No","observational",NA,"1965",NA,"805","Ennis","1969","","No","11/13/21 10:53",""
167,155,167,155,155.1,1,"adult","Myoxocephalus scorpius",167,167.1,1,"adult","Detritus.carrion",-1,"No",1,"predation","3","in literature, added by D Morton","DNM","",NA,NA,"805.Ennis.1969.","subtidal","",NA,"Bay Bulls","Newfoundland","No","observational",NA,"1965",NA,"805","Ennis","1969","","No","11/13/21 10:53",""
1,156,1,156,156.2,2,"juvenile","Pollachius virens",1,1.1,1,"adult","Mytilus edulis",-1,"No",1,"predation","3","Paper.Database","JRR","6 sites
low intertidal and subtidal",NA,NA,"554.Rangeley.1994.","rocky intertidal","low",NA,"Bay of Fundy","New Brunswick","No","observational","5","1989","15","554","Rangeley","1994","","No","9/27/21 13:13","not mentioned"
7,156,7,156,156.2,2,"juvenile","Pollachius virens",7,7.1,1,"adult","Littorina saxatilis",-1,"No",1,"predation","10","inferred by D Morton","DNM","6 study sites",NA,NA,"293.Rangeley.1995.10.3354/meps126009; 554.Rangeley.1994.","rocky intertidal","low",NA,"Bay of Fundy","New Brunswick","No","observational","5","1989","15","554","Rangeley","1994","","No","9/27/21 13:08","not mentioned"
8,156,8,156,156.2,2,"juvenile","Pollachius virens",8,8.1,1,"adult","Littorina littorea",-1,"No",1,"predation","3","Paper.Database","LVM","All unknown entered as ""0""","0","0","103.Perez.2008.10.1016/j.jembe.2008.09.019","rocky intertidal","high","4","Appledore Island","NH","No","observational","7","2002","4","103","Perez","2008","10.1016/j.jembe.2008.09.019","No","3/1/22 12:33","wave intermediate"
89,156,89,156,156.2,2,"juvenile","Pollachius virens",89,89.1,1,"adult","Ampithoe rubricata",-1,"No",1,"predation","3","Paper.Database","JRR","6 sites
low intertidal and subtidal",NA,NA,"554.Rangeley.1994.","rocky intertidal","low",NA,"Bay of Fundy","New Brunswick","No","observational","5","1989","15","554","Rangeley","1994","","No","9/27/21 13:29","not mentioned"
90,156,90,156,156.2,2,"juvenile","Pollachius virens",90,90.1,1,"adult","Apohyale prevostii",-1,"No; Yes",1,"predation","3","Globi; Paper.Database; Paper.database","DNM; JRR; EEP","NA; 6 sites
low intertidal and subtidal; Apohyale prevostii listed as Hyale nilssoni; ","51.5; NA; 45.083167","-9.3; NA; -67.08361","Cattin Blandenier (2004); Brose, U. (2018). GlobAL daTabasE of traits and food Web Architecture (GATEWAy) version 1.0 [Data set]. German Centre for Integrative Biodiversity Research (iDiv) Halle-Jena-Leipzig. https://doi.org/10.25829/IDIV.283-3-756; 554.Rangeley.1994.; 558.Steele.1963.10.1139/f63-089","NA; rocky intertidal; subtidal; ","NA; low; ","NA; -185","NA; Bay of Fundy; St. Andrew's Biological Station","NA; New Brunswick","NA; No; Yes","NA; observational","NA; 5; 8","NA; 1989; 1961","NA; 15; 1","NA; 554; 558","NA; Rangeley; Steele","NA; 1994; 1963","NA; ; 10.1139/f63-089","NA; No","6/29/22 14:00; 9/27/2021 13:27:04; 1/7/2022 9:48:58; 1/7/22 9:56","NA; not mentioned"
91,156,91,156,156.2,2,"juvenile","Pollachius virens",91,91.1,1,"adult","Echinogammarus obtusatus",-1,"Yes",1,"predation","3","Paper.Database","EEP","Echinogammarus obtusatus listed as Marinogammarus obtusatus","45.083167","-67.08361","558.Steele.1963.10.1139/f63-089","subtidal","","-185","St. Andrew's Biological Station","New Brunswick","Yes","observational","8","1961","1","558","Steele","1963","10.1139/f63-089","No","1/7/22 9:43","not mentioned"
92,156,92,156,156.2,2,"juvenile","Pollachius virens",92,92.1,1,"adult","Gammarellus angulosus",-1,"Yes",1,"predation","6","Paper.database","EEP","","45.083167","-67.08361","558.Steele.1963.10.1139/f63-089","",NA,"-185","St. Andrew's Biological Station","New Brunswick","Yes","observational","8","1961","1","558","Steele","1963","10.1139/f63-089","No","1/7/22 9:56","not mentioned"
93,156,93,156,156.2,2,"juvenile","Pollachius virens",93,93.1,1,"adult","Gammarus oceanicus",-1,"No; Yes",1,"predation","3","Paper.Database","JRR; EEP","6 sites
low intertidal and subtidal; Many prey species not included as this was not conducted in the intertidal zone","NA; 45.083167","NA; -67.08361","554.Rangeley.1994.; 558.Steele.1963.10.1139/f63-089","rocky intertidal; subtidal","low; ","NA; -185","Bay of Fundy; St. Andrew's Biological Station","New Brunswick","No; Yes","observational","5; 8","1989; 1961","15; 1","554; 558","Rangeley; Steele","1994; 1963","; 10.1139/f63-089","No","9/27/2021 13:24:02; 1/7/2022 9:40:01","not mentioned"
115,156,115,156,156.2,2,"juvenile","Pollachius virens",115,115.1,1,"adult","Echinogammarus finmarchicus ",-1,"Yes",1,"predation","6","Paper.database","EEP","","45.083167","-67.08361","558.Steele.1963.10.1139/f63-089","",NA,"-185","St. Andrew's Biological Station","New Brunswick","Yes","observational","8","1961","1","558","Steele","1963","10.1139/f63-089","No","1/7/22 9:56","not mentioned"
1,157,1,157,157.1,1,"adult","Tautoga onitis",1,1.1,1,"adult","Mytilus edulis",-1,"No",1,"predation","3","Paper.Database","JRR","In Rhode Island Sound",NA,NA,"562.Clark.2006.10.1577/T05-313.1","subtidal","",NA,"Morris Cove, Lighthouse Point Park, Fort Hale Park, Charles Island Bar, Charles Island Reef, and Milford Harbor","Connecticut","No","observational","6","2000","39","562","Clark","2006","10.1577/T05-313.1","No","9/29/21 15:45","not mentioned"
2,157,2,157,157.1,1,"adult","Tautoga onitis",2,2.1,1,"adult","Semibalanus balanoides",-1,"No",1,"predation","3","Globi","DNM",NA,"37.492083","-76.13132","Cattin Blandenier (2004); Brose, U. (2018). GlobAL daTabasE of traits and food Web Architecture (GATEWAy) version 1.0 [Data set]. German Centre for Integrative Biodiversity Research (iDiv) Halle-Jena-Leipzig. https://doi.org/10.25829/IDIV.283-3-756",NA,NA,NA,NA,NA,NA,NA,NA,NA,NA,NA,NA,NA,NA,NA,"6/29/22 14:00",NA
3,157,3,157,157.1,1,"adult","Tautoga onitis",3,3.1,1,"adult","Modiolus modiolus",-1,"No",1,"predation","6","Paper.Database","JRR","",NA,NA,"811.Olla.1974.","","",NA,"","","","",NA,NA,NA,"811","Olla","1974","","No","11/15/21 12:43",""
8,157,8,157,157.1,1,"adult","Tautoga onitis",8,8.1,1,"adult","Littorina littorea",-1,"No",1,"predation","3","in literature, added by D Morton","DNM","review of species; link observed in Nova Scotia; could be rare in field",NA,NA,"https://repository.library.noaa.gov/view/noaa/3075","","","","","","","","","","","","Steimle","1999","https://repository.library.noaa.gov/view/noaa/3075","","",""
52,157,52,157,157.1,1,"adult","Tautoga onitis",52,52.1,1,"adult","Ulva lactuca",-1,"No",1,"herbivory","3","Paper.Database","JRR","In Rhode Island Sound",NA,NA,"562.Clark.2006.10.1577/T05-313.1","subtidal","",NA,"Morris Cove, Lighthouse Point Park, Fort Hale Park, Charles Island Bar, Charles Island Reef, and Milford Harbor","Connecticut","No","observational","6","2000","39","562","Clark","2006","10.1577/T05-313.1","No","9/29/21 15:48","not mentioned"
66,157,66,157,157.1,1,"adult","Tautoga onitis",66,66.1,1,"adult","Homarus americanus",-1,"No",1,"predation","3","in literature, added by D Morton","DNM","review of species",NA,NA,"https://repository.library.noaa.gov/view/noaa/3075","","","","","","","","","","","","Steimle","1999","https://repository.library.noaa.gov/view/noaa/3075","","",""
89,157,89,157,157.1,1,"adult","Tautoga onitis",89,89.1,1,"adult","Ampithoe rubricata",-1,"No",1,"predation","6","in literature, added by D Morton","DNM","",NA,NA,"562.Clark.2006.10.1577/T05-313.1","","",NA,"","","","",NA,NA,NA,"562","Clark","2006","10.1577/T05-313.1","No","",""
90,157,90,157,157.1,1,"adult","Tautoga onitis",90,90.1,1,"adult","Apohyale prevostii",-1,"No",1,"predation","6","in literature, added by D Morton","DNM","",NA,NA,"562.Clark.2006.10.1577/T05-313.1","","",NA,"","","","",NA,NA,NA,"562","Clark","2006","10.1577/T05-313.1","No","",""
91,157,91,157,157.1,1,"adult","Tautoga onitis",91,91.1,1,"adult","Echinogammarus obtusatus",-1,"No",1,"predation","6","Paper.Database","JRR","In the Rhode Island Sound",NA,NA,"562.Clark.2006.10.1577/T05-313.1","","",NA,"","","","",NA,NA,NA,"562","Clark","2006","10.1577/T05-313.1","No","9/29/21 15:28",""
92,157,92,157,157.1,1,"adult","Tautoga onitis",92,92.1,1,"adult","Gammarellus angulosus",-1,"No",1,"predation","6","Paper.Database","JRR","In the Rhode Island Sound",NA,NA,"562.Clark.2006.10.1577/T05-313.1","","",NA,"","","","",NA,NA,NA,"562","Clark","2006","10.1577/T05-313.1","No","9/29/21 15:28",""
93,157,93,157,157.1,1,"adult","Tautoga onitis",93,93.1,1,"adult","Gammarus oceanicus",-1,"No",1,"predation","6","Paper.Database","JRR","In the Rhode Island Sound",NA,NA,"562.Clark.2006.10.1577/T05-313.1","","",NA,"","","","",NA,NA,NA,"562","Clark","2006","10.1577/T05-313.1","No","9/29/21 15:28",""
115,157,115,157,157.1,1,"adult","Tautoga onitis",115,115.1,1,"adult","Echinogammarus finmarchicus ",-1,"No",1,"predation","6","Paper.Database","JRR","In the Rhode Island Sound",NA,NA,"562.Clark.2006.10.1577/T05-313.1","","",NA,"","","","",NA,NA,NA,"562","Clark","2006","10.1577/T05-313.1","No","9/29/21 15:28",""
1,160,1,160,160.1,1,"adult","Gasterosteus aculeatus",1,1.1,1,"adult","Mytilus edulis",-1,"No",1,"predation","3","Globi","DNM",NA,"37.492083","-76.13132","Cattin Blandenier (2004); Brose, U. (2018). GlobAL daTabasE of traits and food Web Architecture (GATEWAy) version 1.0 [Data set]. German Centre for Integrative Biodiversity Research (iDiv) Halle-Jena-Leipzig. https://doi.org/10.25829/IDIV.283-3-756",NA,NA,NA,NA,NA,NA,NA,NA,NA,NA,NA,NA,NA,NA,NA,"6/29/22 14:00",NA
2,160,2,160,160.1,1,"adult","Gasterosteus aculeatus",2,2.1,1,"adult","Semibalanus balanoides",-1,"No",1,"predation","3","Globi","DNM",NA,"57.33845","-2.001119","Cattin Blandenier (2004); Brose, U. (2018). GlobAL daTabasE of traits and food Web Architecture (GATEWAy) version 1.0 [Data set]. German Centre for Integrative Biodiversity Research (iDiv) Halle-Jena-Leipzig. https://doi.org/10.25829/IDIV.283-3-756",NA,NA,NA,NA,NA,NA,NA,NA,NA,NA,NA,NA,NA,NA,NA,"6/29/22 14:00",NA
7,160,7,160,160.1,1,"adult","Gasterosteus aculeatus",7,7.1,1,"adult","Littorina saxatilis",-1,"No",1,"predation","6","inferred by D Morton","DNM","",NA,NA,"934.Jakubavičiūtė.2017.10.2307/1541430","subtidal","","-3","Swedish Baltic Coast","Sweden","Yes","observational","5","2014",NA,"934","Jakubavičiūtė","2017","10.2307/1541430","No","6/28/22 14:43",""
89,160,89,160,160.1,1,"adult","Gasterosteus aculeatus",89,89.1,1,"adult","Ampithoe rubricata",-1,"No",1,"predation","6","inferred by D Morton","DNM","",NA,NA,"934.Jakubavičiūtė.2017.10.2307/1541430","subtidal","","-3","Swedish Baltic Coast","Sweden","Yes","observational","5","2014",NA,"934","Jakubavičiūtė","2017","10.2307/1541430","No","6/28/22 14:43",""
90,160,90,160,160.1,1,"adult","Gasterosteus aculeatus",90,90.1,1,"adult","Apohyale prevostii",-1,"No",1,"predation","6","inferred by D Morton","DNM","",NA,NA,"934.Jakubavičiūtė.2017.10.2307/1541430","subtidal","","-3","Swedish Baltic Coast","Sweden","Yes","observational","5","2014",NA,"934","Jakubavičiūtė","2017","10.2307/1541430","No","6/28/22 14:43",""
91,160,91,160,160.1,1,"adult","Gasterosteus aculeatus",91,91.1,1,"adult","Echinogammarus obtusatus",-1,"No",1,"predation","6","inferred by D Morton","DNM","",NA,NA,"934.Jakubavičiūtė.2017.10.2307/1541430","subtidal","","-3","Swedish Baltic Coast","Sweden","Yes","observational","5","2014",NA,"934","Jakubavičiūtė","2017","10.2307/1541430","No","6/28/22 14:43",""
92,160,92,160,160.1,1,"adult","Gasterosteus aculeatus",92,92.1,1,"adult","Gammarellus angulosus",-1,"No",1,"predation","6","inferred by D Morton","DNM","",NA,NA,"934.Jakubavičiūtė.2017.10.2307/1541430","subtidal","","-3","Swedish Baltic Coast","Sweden","Yes","observational","5","2014",NA,"934","Jakubavičiūtė","2017","10.2307/1541430","No","6/28/22 14:43",""
93,160,93,160,160.1,1,"adult","Gasterosteus aculeatus",93,93.1,1,"adult","Gammarus oceanicus",-1,"No",1,"predation","6","inferred by D Morton","DNM","",NA,NA,"934.Jakubavičiūtė.2017.10.2307/1541430","subtidal","","-3","Swedish Baltic Coast","Sweden","Yes","observational","5","2014",NA,"934","Jakubavičiūtė","2017","10.2307/1541430","No","6/28/22 14:43",""
115,160,115,160,160.1,1,"adult","Gasterosteus aculeatus",115,115.1,1,"adult","Echinogammarus finmarchicus ",-1,"No",1,"predation","6","inferred by D Morton","DNM","",NA,NA,"934.Jakubavičiūtė.2017.10.2307/1541430","subtidal","","-3","Swedish Baltic Coast","Sweden","Yes","observational","5","2014",NA,"934","Jakubavičiūtė","2017","10.2307/1541430","No","6/28/22 14:43",""
160,160,160,160,160.1,1,"adult","Gasterosteus aculeatus",160,160.1,1,"adult","Gasterosteus aculeatus",-1,"No",1,"predation","3","Globi","DNM",NA,"37.492083; 52.82","-76.13132; 1.2","Cattin Blandenier (2004); Brose, U. (2018). GlobAL daTabasE of traits and food Web Architecture (GATEWAy) version 1.0 [Data set]. German Centre for Integrative Biodiversity Research (iDiv) Halle-Jena-Leipzig. https://doi.org/10.25829/IDIV.283-3-756",NA,NA,NA,NA,NA,NA,NA,NA,NA,NA,NA,NA,NA,NA,NA,"6/29/22 14:00",NA
89,163,89,163,163.1,1,"adult","Myoxocephalus aenaeus",89,89.1,1,"adult","Ampithoe rubricata",-1,"No",1,"predation","6","in literature, added by D Morton","DNM","","","","https://www.jstor.org/stable/1445597","marsh","","","","","","","","","","","Lazzari","1989","10.2307/1445597","","",""
90,163,90,163,163.1,1,"adult","Myoxocephalus aenaeus",90,90.1,1,"adult","Apohyale prevostii",-1,"No",1,"predation","6","in literature, added by D Morton","DNM","","","","https://www.jstor.org/stable/1445597","marsh","","","","","","","","","","","Lazzari","1989","10.2307/1445597","","",""
91,163,91,163,163.1,1,"adult","Myoxocephalus aenaeus",91,91.1,1,"adult","Echinogammarus obtusatus",-1,"No",1,"predation","6","in literature, added by D Morton","DNM","","","","https://www.jstor.org/stable/1445597","marsh","","","","","","","","","","","Lazzari","1989","10.2307/1445597","","",""
92,163,92,163,163.1,1,"adult","Myoxocephalus aenaeus",92,92.1,1,"adult","Gammarellus angulosus",-1,"No",1,"predation","6","in literature, added by D Morton","DNM","","","","https://www.jstor.org/stable/1445597","marsh","","","","","","","","","","","Lazzari","1989","10.2307/1445597","","",""
93,163,93,163,163.1,1,"adult","Myoxocephalus aenaeus",93,93.1,1,"adult","Gammarus oceanicus",-1,"No",1,"predation","6","in literature, added by D Morton","DNM","","","","https://www.jstor.org/stable/1445597","marsh","","","","","","","","","","","Lazzari","1989","10.2307/1445597","","",""
115,163,115,163,163.1,1,"adult","Myoxocephalus aenaeus",115,115.1,1,"adult","Echinogammarus finmarchicus ",-1,"No",1,"predation","6","in literature, added by D Morton","DNM","","","","https://www.jstor.org/stable/1445597","marsh","","","","","","","","","","","Lazzari","1989","10.2307/1445597","","",""
168,175,168,175,175.1,1,"adult","Foraminifera",168,168.1,1,"adult","Detritus.dom",-1,"No",1,"predation","6","Paper.Database","JRR","Lit review on deep sea foraminifera",NA,NA,"824.Gooday.1991.","","",NA,"deep sea","","","",NA,NA,NA,"824","Gooday","1991","","No","11/19/21 9:35",""
174,175,174,175,175.1,1,"adult","Foraminifera",174,174.1,1,"adult","Diatoms.planktonic",-1,"No",1,"herbivory","3","Paper.Database","JRR","lit review of deep sea Foraminifera",NA,NA,"824.Gooday.1991.","","",NA,"","","","",NA,NA,NA,"824","Gooday","1991","","No","11/19/21 9:48",""
176,175,176,175,175.1,1,"adult","Foraminifera",176,176.1,1,"adult","Microplankton, bacteria, protozoa, nanoplankton",-1,"No",1,"predation","6","Paper.Database","JRR","Lit review on deep sea foraminifera",NA,NA,"824.Gooday.1991.","","",NA,"deep sea","","","",NA,NA,NA,"824","Gooday","1991","","No","11/19/21 9:35",""
168,176,168,176,176.1,1,"adult","Microplankton, bacteria, protozoa, nanoplankton",168,168.1,1,"adult","Detritus.dom",-1,"No",1,"herbivory","6","inferred by D Morton","","","","","","","","","","","","","","","","","","","","","",""
